OTU	Adenoma1.2065.S1.L001	Adenoma10.2757.S10.L001	Adenoma11.2775.S11.L001	Adenoma12.2799.S12.L001	Adenoma13.2803.S13.L001	Adenoma14.2817.S14.L001	Adenoma15.2847.S15.L001	Adenoma16.2873.S16.L001	Adenoma17.2937.S17.L001	Adenoma18.2967.S18.L001	Adenoma19.2971.S19.L001	Adenoma2.2113.S2.L001	Adenoma20.2995.S20.L001	Adenoma21.3129.S21.L001	Adenoma22.3133.S22.L001	Adenoma23.3141.S23.L001	Adenoma24.3217.S24.L001	Adenoma25.3273.S25.L001	Adenoma26.3373.S26.L001	Adenoma27.3379.S27.L001	Adenoma28.3391.S28.L001	Adenoma29.3399.S29.L001	Adenoma3.2123.S3.L001	Adenoma30.3509.S30.L001	Adenoma4.2143.S4.L001	Adenoma5.2243.S5.L001	Adenoma6.2453.S6.L001	Adenoma7.2475.S7.L001	Adenoma8.2555.S8.L001	Adenoma9.2717.S9.L001	Cancer1.2355.S61.L001	Cancer10.2567.S70.L001	Cancer11.2573.S71.L001	Cancer12.2575.S72.L001	Cancer13.2579.S73.L001	Cancer14.2611.S74.L001	Cancer15.2613.S75.L001	Cancer16.2619.S76.L001	Cancer17.2625.S77.L001	Cancer18.2629.S78.L001	Cancer19.2633.S79.L001	Cancer2.2455.S62.L001	Cancer20.2667.S80.L001	Cancer21.2671.S81.L001	Cancer22.2703.S82.L001	Cancer23.2705.S83.L001	Cancer24.2727.S84.L001	Cancer25.2735.S85.L001	Cancer26.2763.S86.L001	Cancer27.2771.S87.L001	Cancer28.2777.S88.L001	Cancer29.2801.S89.L001	Cancer3.2513.S63.L001	Cancer30.2863.S90.L001	Cancer4.2521.S64.L001	Cancer5.2523.S65.L001	Cancer6.2535.S66.L001	Cancer7.2537.S67.L001	Cancer8.2543.S68.L001	Cancer9.2547.S69.L001	Healthy1.2027.S31.L001	Healthy10.3087.S40.L001	Healthy11.3123.S41.L001	Healthy12.3211.S42.L001	Healthy13.3241.S43.L001	Healthy14.3245.S44.L001	Healthy15.3247.S45.L001	Healthy16.3251.S46.L001	Healthy17.3257.S47.L001	Healthy18.3293.S48.L001	Healthy19.3339.S49.L001	Healthy2.2779.S32.L001	Healthy20.3341.S50.L001	Healthy21.3347.S51.L001	Healthy22.3363.S52.L001	Healthy23.3367.S53.L001	Healthy24.3403.S54.L001	Healthy25.3405.S55.L001	Healthy26.3407.S56.L001	Healthy27.3439.S57.L001	Healthy28.3499.S58.L001	Healthy29.3529.S59.L001	Healthy3.3021.S33.L001	Healthy30.3291.66.S60.L001	Healthy4.3023.S34.L001	Healthy5.3043.S35.L001	Healthy6.3061.S36.L001	Healthy7.3063.S37.L001	Healthy8.3073.S38.L001	Healthy9.3075.S39.L001
otu1	0	0	0	1	0	0	0	0	28	0	0	19	1	0	0	0	0	0	0	1	85	0	0	2	0	359	16	0	0	0	1	0	0	0	114	0	0	0	0	115	3	0	0	0	0	0	0	0	0	0	0	0	12	0	60	0	0	0	86	0	0	1	0	0	0	0	0	0	587	1	0	0	0	3	0	0	0	0	449	0	1	0	60	0	0	0	0	0	0	2532
otu2	6	0	1	11	8	0	0	2	0	78	0	1	0	0	0	7	0	5	0	0	0	0	0	35	0	0	20	0	3	0	13	1	5	1	53	0	0	0	0	8	0	11	0	0	4	1	0	128	0	1	0	0	0	5	0	0	2	0	0	0	0	0	0	49	0	0	0	0	1	0	99	2	0	1	2	0	139	302	0	0	0	0	0	1	0	4	0	138	1	0
otu3	10	16	1	0	27	10	13	27	32	109	1	2	16	9	1	39	7	5	0	35	2	31	0	48	11	0	47	15	2	1	57	14	14	1	63	1	2	5	5	21	12	44	4	0	25	13	11	134	6	0	1	5	17	24	23	7	5	0	9	13	2	3	4	65	0	9	15	20	5	0	65	4	1	14	15	1	102	503	29	3	6	5	28	8	9	4	5	172	1	28
otu4	38	0	0	0	64	1	0	5	50	0	32	12	1	40	9	42	6	2	2	0	0	38	0	8	5	0	0	36	7	2	4	12	0	10	5	4	0	0	14	8	0	8	0	0	14	0	28	0	0	5	1	42	2	6	8	3	3	0	0	3	23	6	0	0	0	32	0	0	7	2	1	0	18	12	0	1	0	48	0	14	16	61	5	1	44	0	0	0	0	1
otu5	337	59	1249	6	671	181	5	2474	500	5	6314	2895	2925	16	82	18	4050	2707	1276	2787	581	4	5	3	939	266	3747	11	505	1013	659	1225	4	1282	3	11	2508	39	1234	44	4	0	23	1465	5821	18	18	5	75	3029	8033	245	717	26	2	112	2961	33	59	3	4122	536	2	2	1	2318	4	4	1291	340	4	1372	2019	4	153	5467	115	3	2	703	2342	1043	0	301	321	3	4	2	2292	1
otu6	3	0	8	12	54	351	0	16	1	0	354	81	604	33	98	3	0	7	4	0	2	67	62	0	7	3	0	0	4	615	263	7	0	58	141	4	13	0	124	1	2	35	88	449	5	3	11	0	1	40	0	10	0	83	31	4	214	0	0	57	0	80	0	0	122	491	30	0	11	102	1	25	5	3	72	189	7	23	13	4	350	106	37	12	1	18	539	2	64	168
otu7	142	62	2	1	377	317	6	1	2	6	216	168	1	85	400	1	42	158	144	0	226	0	340	1	1	189	3	1	822	1191	239	331	0	1	316	17	106	0	632	0	0	155	1276	0	0	2	154	0	0	514	1	27	213	1878	223	100	313	0	0	67	0	713	0	44	0	678	141	0	760	501	112	1	124	288	98	0	103	0	431	899	0	66	0	358	13	106	1952	1	0	151
otu8	34	0	0	0	20	0	50	0	0	0	0	1	0	0	0	1	0	2	5	0	0	0	0	0	0	48	0	0	0	5	30	1	0	0	0	0	23	0	2	0	0	4	0	0	0	1	0	0	1	0	0	0	0	2	13	8	172	0	0	1	0	0	0	0	0	21	0	0	68	11	1	0	12	4	0	0	27	6	0	23	0	9	0	1	0	0	33	0	81	0
otu9	0	0	0	0	34	0	0	0	0	0	0	0	0	0	0	0	0	2	0	0	0	0	0	0	0	0	0	0	0	17	0	0	11	0	0	0	0	0	0	1	0	0	20	0	78	0	0	0	1	0	0	0	2	59	0	0	1	0	0	0	0	0	0	0	0	0	0	0	0	24	26	0	7	0	0	0	0	0	0	0	0	0	0	0	0	0	39	0	0	0
otu10	52	63	13	1	0	2	101	68	5	2	1261	91	349	405	16	4	223	32	12	24	38	0	75	3	8	68	0	1	725	184	85	31	825	18	0	27	56	0	126	1	9	95	21	1564	0	1	97	2	0	229	75	61	1	74	94	307	1	1	1	4216	0	240	0	48	0	1150	24	3	330	154	6	0	113	191	1	222	2	11	213	813	420	24	66	92	0	14	0	1	1598	1
otu11	0	0	0	0	0	3	0	0	0	0	2	8	0	0	9	0	1	11	9	0	0	0	1	0	0	2	0	0	2	2	0	48	0	0	0	4	49	0	6	0	0	2	15	0	0	0	0	0	0	3	0	1	0	22	27	0	0	0	0	0	0	4	0	0	0	1	1	0	11	1	9	0	24	1	0	30	0	0	0	16	0	2	0	1	0	5	66	0	179	0
otu12	0	1	35	0	0	0	0	15	0	0	67	74	2	0	156	2	22	124	33	0	25	1	3	0	0	116	0	0	106	260	0	242	0	10	50	38	172	0	6	17	0	55	212	0	0	0	19	0	0	11	0	4	15	268	19	4	75	0	0	0	0	0	0	0	15	110	56	1	777	0	464	0	90	20	5	54	67	0	87	44	0	36	2	11	4	1	458	0	172	49
otu13	0	0	0	0	0	0	0	0	0	0	0	0	0	0	0	0	0	0	0	0	0	0	0	0	0	0	0	0	0	0	0	0	0	0	0	0	0	0	0	0	0	0	0	0	0	0	0	0	0	0	0	0	0	0	0	0	0	0	0	0	0	0	0	0	0	0	0	0	0	0	0	0	0	0	1	137	0	0	0	0	0	0	0	0	0	0	0	0	0	0
otu14	0	0	0	0	0	0	0	0	0	0	0	0	4	14	0	0	0	0	0	0	0	0	0	0	0	0	209	0	0	0	0	0	0	18	0	0	1	2	1	0	0	2	0	1	0	4	0	0	0	1	0	0	0	1	1	0	0	1	5	0	2	0	0	0	3	2	0	0	0	0	0	0	0	0	0	0	2	0	0	5	0	0	0	0	8	12	0	12	1	2
otu15	0	0	0	0	0	8	1	0	0	0	0	0	0	0	0	0	0	0	0	0	0	0	0	0	0	0	0	0	0	0	0	0	0	0	0	0	0	7	0	73	0	0	0	0	0	0	0	5	7	0	0	0	0	0	0	0	0	2	0	0	0	0	0	0	0	0	0	0	0	0	0	1	0	0	0	0	0	0	0	0	0	0	0	0	0	0	0	0	0	0
otu16	0	0	4	45	1	242	27	5	0	0	0	2	0	0	0	0	6	0	5	93	0	0	0	0	0	28	0	2	0	0	1	0	0	1	0	2	0	778	0	6456	0	0	0	0	1	0	1	622	2210	7	0	0	1	1	0	0	8	176	1	0	0	1	11	1	1	0	1	0	0	0	1	15	0	0	88	0	0	0	0	0	0	0	0	0	0	1	2	0	2	0
otu17	5	0	1	2	16	0	0	1	0	137	0	0	0	6	0	0	0	9	0	0	0	0	0	84	0	0	25	1	0	0	20	0	7	0	89	0	0	0	0	26	0	15	0	0	1	1	0	215	1	0	0	0	0	9	0	0	2	0	0	1	0	0	0	26	0	2	0	0	1	1	120	0	0	6	3	1	214	347	2	0	0	1	0	0	1	1	0	209	0	0
otu18	6	115	43	274	5	18	37	9	53	106	12	19	11	294	7	24	18	6	8	17	9	41	50	48	40	3	74	29	24	12	10	29	40	15	20	1	8	19	11	10	28	4	5	7	7	14	55	72	67	60	7	57	101	11	38	6	0	23	86	243	12	2	23	21	16	25	6	51	5	7	6	663	2	103	12	83	153	22	20	11	9	7	67	11	118	18	16	56	19	8
otu19	0	0	0	0	0	0	0	0	0	0	0	0	0	111	0	0	0	44	0	0	0	0	0	2	0	0	0	0	0	0	0	0	0	0	0	0	0	0	0	0	0	0	0	0	0	0	0	0	0	0	0	0	0	0	0	0	0	0	0	0	2	0	0	0	0	2	0	0	0	0	0	0	0	0	2	98	0	0	0	0	0	18	0	0	0	0	0	0	2	0
otu20	0	3	7	0	0	25	0	0	0	0	37	0	1	0	63	0	38	0	6	0	0	0	0	25	1	0	0	0	0	4	1	0	0	0	9	1	1	2	12	1	0	0	0	0	0	9	1	0	0	0	0	0	0	4	2	0	1	0	0	7	225	5	1	1	2	543	1	28	0	1	1	1	6	2	4	0	1	0	12	0	0	3	0	2	8	2	15	1	51	1
otu21	1	1	4	3	87	130	1	194	0	237	96	28	353	910	272	3	465	30	24	0	127	0	132	7	79	29	0	2	2	453	134	3	4	1	121	225	106	12	765	18	1	223	448	1	0	210	39	0	29	0	2	1	0	606	0	237	151	0	3	20	0	76	79	4	836	251	41	5037	1587	256	227	0	80	195	1	2	50	2	0	144	2	473	181	229	24	25	125	1152	5	785
otu22	0	3	0	0	0	0	0	27	0	1	0	2	249	5	458	246	0	0	155	0	19	0	292	0	1	85	7	0	1	213	1121	3	735	1	0	9	155	0	1	0	0	1239	380	0	1	182	39	0	0	92	0	0	0	0	0	0	18	1	1	3	2261	145	0	0	2	298	36	0	254	38	1137	1	0	14	6	24	9	137	1	350	112	50	27	0	28	3	21	2	0	3
otu23	57	0	0	0	0	0	0	0	0	0	0	0	0	0	0	0	0	0	0	0	0	0	0	0	0	0	0	0	0	0	0	0	0	0	0	0	0	0	0	0	0	0	0	0	0	0	0	0	0	0	0	0	0	0	0	0	0	0	0	0	0	0	0	0	0	124	39	0	0	0	0	0	0	3	0	0	5	0	0	0	0	0	0	0	0	12	0	0	0	0
otu24	0	0	0	0	0	0	3	0	0	0	0	0	0	74	0	0	0	0	112	0	0	0	0	0	0	0	0	0	0	0	0	0	0	0	0	0	0	0	0	207	0	0	0	0	0	0	0	0	1	0	0	0	0	1127	0	0	0	0	0	0	0	0	8	0	0	0	0	0	0	0	0	0	0	0	0	0	0	0	0	0	0	0	0	0	0	0	0	0	0	0
otu25	0	0	0	0	0	0	0	0	0	0	0	0	0	0	0	0	0	0	0	0	0	0	0	0	0	0	0	0	0	0	0	0	0	0	0	0	0	0	0	0	0	0	0	0	0	0	0	0	0	0	0	0	0	0	0	0	0	0	0	0	0	0	0	0	0	0	0	0	0	0	0	0	0	0	0	0	0	0	0	0	0	0	0	159	0	0	0	0	0	0
otu26	632	0	802	2	1	524	105	49	115	1	2	3	6	7	1250	1068	603	229	12	345	0	101	4	2	0	20	0	22	1	125	361	261	5435	700	2	873	2	0	3	0	0	243	1	2	4	912	137	1	1	3	0	0	80	16	1	1635	51	1	19	7	0	6	0	23	9	3	37	5	1	5	1244	0	357	8	149	622	109	2	791	109	421	191	496	328	64	91	205	2	346	1687
otu27	0	1	0	0	0	0	0	83	0	0	0	0	1	0	77	151	0	0	0	0	0	0	0	0	0	286	0	0	0	1	0	1	1	0	0	1	0	2	0	53	1	0	0	0	0	0	0	0	0	0	0	0	0	0	0	0	0	0	7	4653	0	1	3	1	21	0	0	0	985	0	1	0	2966	41	1507	216	1	0	3786	0	2	0	1	0	5	23	8	0	2	1
otu28	38	2	952	2	81	0	47	37	2	1	0	108	265	4	339	76	283	46	63	130	38	0	149	36	0	17	2	22	2737	455	188	58	1	0	0	125	1	17	0	25	15	230	124	2396	463	246	53	8	1	42	0	12	18	473	49	340	243	74	4	117	3141	131	1	25	636	202	108	1	176	52	162	2	92	127	184	32	9	84	481	73	75	48	289	453	302	12	232	2	501	658
otu29	0	2	2	0	0	5	1	1	0	2	10	14	1	6	0	1	5	0	1	0	88	0	0	17	4	0	0	2	2	85	1	14	6	2	0	0	45	11	5	0	40	1	135	6	1	405	78	1	4	1	5	75	66	2	0	3	0	0	2	2	5	0	1	1	433	6	43	15	1	22	42	2	106	44	3	0	4	159	4	1	0	29	0	1	1	0	1	0	4	7
otu30	0	0	0	0	0	0	0	0	0	0	0	0	0	0	0	0	0	0	0	0	0	0	0	0	0	0	0	0	0	0	0	0	0	0	1	0	0	0	0	0	0	0	1	0	0	0	0	0	0	0	0	0	106	0	0	0	0	0	0	1	0	1	0	0	0	0	0	0	0	0	0	0	0	0	0	0	0	0	0	0	0	0	0	1	0	0	0	0	0	0
otu31	490	17	50	20	58	0	5	0	20	0	358	1	0	0	0	6	29	89	1	1	36	0	0	0	0	3	0	17	2	320	275	1717	2	1	1	1	74	1	1337	4	4	269	1	1507	344	77	1	0	0	0	0	0	2	10	0	19	0	25	473	2	0	0	0	78	2	67	4	2	1	7	0	72	57	0	141	1	100	207	0	215	2	0	28	0	17	10	2	1	232	3838
otu32	1	0	0	0	302	1	1	1	33	0	1	1	2	4248	1	12	0	55	0	3	0	0	1	2	0	1	0	0	0	333	0	0	1	1	0	8	0	0	0	0	1	0	3	0	0	1	14	0	0	0	0	0	0	1	191	0	64	0	2	21	1	0	1	0	0	0	0	1	3	1	0	0	15	2	3	0	0	0	15	0	0	10	0	0	4	163	298	1	517	1
otu33	0	0	0	0	0	0	88	43	0	19	0	92	0	1	0	101	0	0	131	0	0	0	54	0	0	196	0	0	1	0	0	0	1	1	184	0	79	39	0	0	0	0	258	0	0	1	0	1	1	1	1191	23	11	857	0	0	128	1	2	0	0	351	0	1	0	0	54	0	0	0	384	0	0	133	3	537	0	1	341	1	0	35	0	1	0	0	0	0	0	1
otu34	0	0	0	0	0	0	3	0	0	0	0	18	0	51	0	0	0	1	1	1	0	0	0	1	0	0	0	0	1	124	6	11	0	0	0	0	46	0	0	0	1	0	0	0	0	0	0	0	0	0	0	0	0	12	0	170	16	0	1	0	622	0	0	1	0	241	17	0	4	0	0	1	12	0	5	5	2	0	0	19	1	0	0	0	0	1	200	1	167	1
otu35	0	0	0	0	0	0	0	1	0	0	0	47	0	2	134	2	0	767	0	0	0	0	0	1	0	0	0	0	0	0	0	1	0	0	0	0	0	0	0	1	1	0	0	0	0	0	0	0	0	0	0	0	0	0	2	78	0	0	4	3	0	0	0	0	0	0	0	0	1	0	1	69	25	0	0	1	4	0	2	1	0	0	0	1	12	0	1	2	15	0
otu36	95	451	2	63	0	1315	387	75	16	1	27	39	1192	2977	10	259	151	44	42	80	0	262	157	7495	5	96	18	491	1	156	1285	479	3625	598	492	189	0	203	633	10	15	38	246	261	868	2104	20	57	1283	0	1008	100	4	147	1	768	179	19	260	6	105	4	63	4	291	4	78	5693	159	157	519	1	6	306	132	27	39	219	1918	182	0	61	493	250	1	0	22	3	0	684
otu37	0	3	7	4	0	39	4	0	0	1	13	2	3	18	1	4	28	1	1	1	0	4	1	36	0	3	0	4	0	2	0	3	40	3	18	1	1	0	10	0	0	1	11	0	3	40	0	1	10	0	23	0	0	5	0	8	6	0	6	6	1	3	1	1	3	7	0	93	2	0	2	0	1	9	3	1	2	6	6	5	0	2	8	4	0	0	5	0	15	8
otu38	1	0	491	0	0	0	3	0	0	0	0	0	0	0	0	1	0	0	354	1	0	0	1	2	0	0	0	0	1	0	0	0	1	1	0	0	0	0	0	0	0	0	0	0	0	0	801	0	0	0	0	0	2	0	0	508	307	0	1	0	0	0	3565	0	0	0	0	0	0	0	1	0	0	1495	1	0	1	0	0	0	0	0	0	170	0	0	0	0	3	1
otu39	2	1	2	0	0	0	0	0	0	1	0	0	0	2	0	0	0	1	0	0	0	0	0	0	0	0	0	0	0	0	5	1	0	0	2	0	0	0	3	0	0	1	1	0	0	0	1	0	0	0	1	0	0	1	0	0	0	0	0	192	0	1	0	0	2	1	1	1	1	1	2	0	0	1	3	0	0	0	1	3	0	0	0	3	0	0	0	0	1	0
otu40	0	0	0	0	0	0	0	0	0	0	0	0	0	0	0	0	0	0	0	0	0	0	0	0	0	3	0	0	0	0	0	0	0	0	0	0	82	0	0	0	0	0	0	0	0	0	0	0	0	0	0	0	12	0	0	0	0	0	0	0	0	0	0	0	0	0	0	0	0	0	36	0	0	52	1	0	0	0	0	0	0	0	0	185	0	0	6	0	0	0
otu41	0	3	25	1	0	0	208	0	0	1	2	210	1	0	0	2	2	2	73	0	1	0	0	1	16	38	0	1	3	62	2	0	3	2388	1	350	0	14	1	53	21	2	1379	0	0	2	86	1	0	97	0	7	196	772	1	990	37	61	62	0	0	160	1	5	853	2	1	0	4	319	81	2	1	7	425	85	18	75	0	0	0	200	2	0	350	98	5128	0	0	0
otu42	823	1094	906	113	186	911	72	66	4	35	384	130	3308	961	980	1263	2242	291	160	6	468	4	1349	21	37	641	15	36	8	1564	2108	1275	4	223	1201	332	66	28	2689	54	24	505	741	415	1	2	844	58	16	104	568	109	99	1647	203	1503	25	7	55	651	3	3243	17	8	719	2782	800	0	1646	1777	2761	5	409	400	1331	322	149	545	1329	863	257	306	120	4899	390	273	1198	6	294	502
otu43	125	666	5	68	67	2	39	172	0	219	149	60	1163	3228	133	6	8	16	102	1	573	1	1915	1026	423	398	119	4	8	295	2847	559	18	7	1124	713	169	671	289	229	885	36	1213	1440	3747	13	406	1968	98	2764	1023	448	390	1240	258	660	626	627	371	495	2	1492	768	63	4796	1466	304	5	1625	1819	103	0	739	323	6	82	406	691	952	5	5	0	2	3367	615	286	1098	231	2156	3
otu44	0	51	462	48	1	904	47	2	1	49	2494	10	2	1	252	40	2952	5	29	53	82	1	0	704	36	35	0	1	4	423	48	39	1	1	418	16	193	72	525	1	1	1	5	2	0	473	2	0	1	0	0	13	77	164	58	0	79	5	1	646	210	215	117	83	44	1155	7	1496	29	1	35	48	123	121	131	7	24	0	237	0	0	22	0	68	75	38	557	1	3318	39
otu45	146	0	244	0	126	0	3	83	2	4	0	0	0	230	189	3	45	19	33	0	79	0	0	4	0	75	1	50	1	745	0	211	0	0	51	20	2	34	0	27	1	0	781	1	0	0	73	0	0	0	0	0	13	0	0	0	540	0	1	2	0	0	0	0	0	1	165	0	715	306	0	1	171	130	0	16	184	107	499	0	720	80	41	1	1	25	1	0	0	1
otu46	0	0	0	0	0	0	0	0	0	0	0	0	0	0	0	0	0	0	0	0	0	0	0	0	0	0	0	0	0	0	0	0	0	0	0	0	0	0	0	0	0	0	0	0	0	0	0	0	0	0	0	0	0	307	0	0	0	0	0	0	0	0	0	0	0	0	0	0	0	0	61	0	0	0	0	0	0	0	0	0	0	0	0	0	0	0	0	0	0	0
otu47	0	1	0	1	0	121	0	0	2175	1014	1	0	0	0	24	1	18	92	0	0	1600	0	0	0	73	11	0	0	0	0	81	319	0	0	0	113	0	0	0	0	0	1	0	0	235	0	96	0	1	1	3	0	274	58	36	569	0	170	1378	0	0	138	3	1	0	1	0	4287	640	75	86	0	0	0	1	0	0	0	0	0	1	0	2	0	2	2	0	3	0	0
otu48	0	0	7	0	0	0	0	0	562	0	0	0	0	0	0	0	0	114	0	0	0	0	0	0	1	1	0	0	0	0	0	0	0	2	0	0	0	0	0	0	0	0	0	0	0	0	0	0	0	0	9	7	0	0	0	0	0	0	0	0	1	0	0	0	0	0	0	1	0	0	0	0	0	0	0	0	0	0	0	0	27	0	0	0	0	0	0	0	0	0
otu49	0	0	1	0	0	0	0	0	0	0	0	0	0	0	0	0	0	0	0	0	0	0	0	0	252	15	0	115	0	0	59	0	0	0	0	0	0	69	0	0	1	0	0	22	0	0	0	0	0	0	0	0	0	0	0	0	0	0	556	0	0	0	2	0	0	0	0	0	0	0	0	0	0	0	0	0	0	0	1	0	0	0	0	0	0	0	0	0	193	0
otu50	0	0	0	1	0	276	0	0	314	35	273	84	0	0	0	0	125	143	2	0	257	0	116	0	244	11	0	1927	2	0	45	114	0	0	0	6	1	0	268	38	0	1	77	0	0	182	16	801	856	987	1	593	44	20	207	20	44	3	603	0	0	75	823	0	3	0	59	4	582	7	4	0	0	8	133	1	81	1	0	64	120	0	126	0	267	777	25	0	59	281
otu51	0	0	0	2	0	0	0	0	0	0	0	0	0	1	0	0	1031	1	120	0	52	0	52	1	246	1	1	0	0	14	0	0	0	0	0	0	0	0	1	0	0	0	0	0	0	1	0	628	0	0	0	0	11	0	26	0	88	0	116	0	0	1	3891	1	5	2	0	1	1	0	0	0	0	0	204	1	300	0	514	0	1	0	102	0	1	1127	0	1	0	412
otu52	4	0	0	0	0	0	0	64	0	0	12	0	0	0	0	0	0	0	0	6	2	0	0	0	0	0	0	0	0	5	0	0	0	0	0	0	0	23	0	1	0	0	0	0	3	0	0	0	39	0	0	1	0	1	2	0	0	0	0	0	0	0	0	0	0	0	0	0	0	0	0	0	0	0	94	0	0	0	0	0	0	0	1	18	0	1	10	0	0	0
otu53	62	0	0	0	76	72	0	0	43	619	6	2	0	0	9	0	1	30	16	24	59	7	92	0	7	56	3	0	26	8	5	0	0	0	401	14	18	0	0	29	79	5	87	111	130	68	15	0	0	74	0	0	8	113	2	55	10	53	0	0	0	61	1	0	16	0	2	0	21	46	83	1	16	81	1	0	4	0	0	2	44	14	5	387	0	299	159	0	56	110
otu54	190	339	47	1124	496	336	852	262	1089	68	431	1132	5	417	166	59	531	157	158	1415	53	595	326	513	471	164	6	183	667	1142	362	1551	898	1001	889	362	373	148	986	262	6	1098	165	0	194	2	408	2	3	58	172	519	2413	95	352	695	134	41	159	279	196	308	2	399	26	127	536	6	168	58	348	137	134	228	519	178	265	927	222	543	443	264	251	81	191	131	97	200	277	879
otu55	4	2	51	364	1	1	0	1	203	511	77	29	80	0	1	2	0	0	0	1	1	55	5	1	2	0	505	1	259	2	0	2	7	68	89	0	1	27	5	9	7	1	0	2	25	474	2	0	117	79	6	49	10	0	26	30	1	67	21	39	0	3	0	77	3	1	0	22	7	0	0	1	0	2	31	4	3	9	14	1	0	3	4	1	0	1	1	56	5	2
otu56	0	873	310	27	78	0	58	0	11	289	1	9	13	0	0	280	0	0	100	9	0	419	2	40	0	1	689	2	38	0	48	0	414	24	7	0	94	54	440	112	0	1	26	1	6	152	389	57	10	3	2	78	329	12	11	52	3	5	127	65	0	13	0	88	3	155	0	410	3	0	1	56	168	1552	306	13	2	1101	3	0	1	0	1218	1	7	73	35	5	11	8
otu57	247	801	336	416	472	242	333	280	11	915	1165	1332	264	5	195	1584	349	200	147	224	340	792	1539	10	2161	147	3	1114	1139	308	278	199	204	500	13	31	231	2978	347	95	1	191	224	7	2	640	644	349	2	621	104	1491	1069	147	1085	4	464	3	527	10	235	319	884	111	63	738	304	5	333	193	81	142	344	638	243	167	1052	826	520	759	268	671	1088	322	1448	43	0	577	672	568
otu58	1	2	0	3	0	1	0	1	0	1	2	1	1	1	1	1	28	1	0	1	0	0	2	1	6	0	0	0	0	0	0	0	0	1	0	0	0	0	0	0	0	0	1	0	0	0	0	0	0	0	0	0	0	0	5	0	2	0	1	3	0	0	0	0	0	1	0	0	0	0	0	0	62	0	0	0	0	0	0	2	0	1	1	0	0	3	0	178	0	1
otu59	394	969	59	691	625	620	1018	196	104	176	141	191	365	177	610	265	717	143	107	206	66	230	757	423	1731	39	18	247	226	169	45	241	118	221	14	89	63	71	80	216	13	20	111	12	129	814	465	18	34	135	75	5	352	82	1943	19	486	548	410	1259	240	283	45	574	6	219	401	1	29	73	92	40	674	185	234	320	252	192	157	918	95	751	666	56	281	114	1	2085	160	125
otu60	93	1747	2823	3875	1624	132	1905	1539	5145	4207	509	1182	1568	1180	1871	1952	269	101	312	1524	1193	4371	2901	9046	6358	131	5964	1447	3022	1155	525	364	777	3733	2209	43	822	2177	965	754	99	770	948	3	463	578	793	872	2894	4006	275	6182	1629	204	413	2566	155	443	1954	165	699	318	1011	8707	253	1074	629	3468	441	1226	229	284	653	4355	2978	211	3062	3900	2839	2035	719	646	2762	689	830	1186	54	3464	246	286
otu61	0	0	0	0	4	0	0	0	0	0	0	0	0	0	0	0	0	0	0	0	0	20	0	0	0	2	0	1	3	1	0	0	0	0	0	0	0	0	0	3	1	0	0	9	0	0	0	0	0	0	0	11	0	0	9	0	2	0	0	254	0	0	0	0	0	0	0	0	1	0	0	0	0	0	10	0	0	0	0	0	0	0	0	0	0	168	30	0	0	0
otu62	0	0	0	0	6	0	9	0	0	0	0	18	0	130	20	1	1	2	4	9	1	0	0	4	0	5	1	0	10	85	57	8	0	3	0	0	17	14	0	0	0	1	41	0	0	0	5	0	0	0	0	0	1	20	0	0	40	0	0	0	0	6	0	1	0	0	10	0	127	84	0	0	8	35	0	50	4	6	0	20	0	7	0	10	1	3	74	0	121	0
otu63	0	0	0	0	0	0	0	0	0	0	0	0	0	0	0	0	0	0	0	0	0	0	0	0	0	0	0	0	0	0	0	1	3	0	0	0	0	0	0	0	0	0	0	136	0	0	0	0	0	0	0	0	0	0	0	0	0	0	0	0	0	0	0	0	0	0	0	0	0	0	0	0	1	0	0	0	0	0	0	0	0	0	0	0	0	0	0	0	0	0
otu64	0	0	0	0	0	0	0	1	0	58	0	0	0	0	109	0	0	49	0	0	0	0	0	0	0	156	0	0	0	0	0	0	0	0	268	0	0	1	0	0	0	0	1	0	0	0	0	0	0	0	0	1	0	24	0	0	46	0	885	0	0	0	0	1	0	0	0	0	1	0	0	0	0	0	2219	0	0	0	1	0	0	0	0	0	4	0	0	0	0	0
otu65	0	0	0	419	0	11	0	0	0	0	0	0	0	0	0	0	0	0	0	0	0	0	0	0	0	1	0	0	0	0	0	0	0	0	0	0	0	1	0	1	0	0	1	3	0	0	0	0	6705	1	0	0	0	0	2	0	0	5	0	0	0	0	0	0	0	0	0	0	0	0	0	0	0	0	0	0	0	0	0	0	0	0	0	0	0	0	44	24	1	0
otu66	100	0	0	0	0	0	0	0	0	0	0	0	0	0	0	0	0	7	0	0	0	0	0	0	0	1	0	0	0	17	1	0	0	0	0	0	212	0	2	0	0	1	0	0	0	0	0	0	0	0	0	0	0	0	6	0	24	0	0	0	0	0	0	0	0	0	0	0	0	1	0	0	0	1	3	62	0	0	0	0	0	8	0	0	0	0	0	0	0	0
otu67	10	0	5	11	60	0	3	1	0	380	0	0	1	1	0	9	1	25	0	0	0	0	0	176	0	0	56	0	5	0	77	1	31	4	139	0	1	1	0	41	0	58	1	0	6	4	1	592	1	1	0	1	0	26	0	0	7	0	0	0	0	0	0	87	0	0	0	1	2	1	247	3	1	4	1	1	679	809	2	0	3	0	0	0	2	0	0	543	0	0
otu68	0	0	3	0	0	0	0	0	9	49	0	39	1	0	0	0	0	0	0	0	0	2	1	0	0	1	1	4	30	5	2	0	1	3	91	0	1	0	1	1	0	1	3	0	0	0	4	6	2	0	8	2	8	2	3	3	11	1	0	27	12	0	5	0	0	3	1	0	27	3	3	0	1	0	0	0	0	46	0	1	4	0	3	1	0	0	1	0	1	0
otu69	0	0	0	0	0	0	0	0	0	1	0	0	0	0	0	0	0	1	0	0	0	0	0	218	1	0	1	0	0	0	0	0	33	1	1	0	0	2	0	0	2	0	0	26	3	1	0	0	0	6	5	2	0	0	0	0	0	1	3	0	2	0	0	0	0	1	0	4	0	0	1	1	0	0	1	0	0	0	0	0	0	0	0	1	1	0	23	0	0	0
otu70	0	0	0	0	0	0	0	0	0	152	0	0	0	0	0	0	0	0	0	0	0	0	0	1	0	0	0	0	0	0	0	0	0	0	0	0	0	0	0	0	0	0	0	0	0	0	0	0	0	0	0	10	0	0	0	0	0	0	0	0	0	0	0	0	0	0	0	0	0	0	0	1	0	0	0	0	0	0	0	0	0	0	0	0	0	0	0	0	5	1
otu71	9	1	116	0	12	1	0	0	46	1413	2	15	27	0	0	57	47	1	5	21	0	108	45	1	10	0	14	1	129	0	9	0	125	45	118	3	7	14	15	17	44	3	10	10	91	4	10	71	0	161	0	47	0	0	5	7	0	5	13	0	11	8	1	44	12	7	0	0	1	0	11	6	1	25	26	6	0	36	4	0	2	0	4	20	0	12	0	2	3	8
otu72	37	0	14	0	0	1	1	0	0	87	29	0	112	0	0	2	0	0	0	74	11	0	0	0	0	0	3	0	293	0	0	0	1	11	26	2	0	218	4	39	1	30	2	3	14	1	0	0	2	53	5	140	17	2	34	2	1	60	4	38	13	32	1	150	78	2	3	7	27	0	2	10	1	0	0	0	0	2	178	0	0	3	7	0	0	3	5	0	36	36
otu73	0	211	5	0	288	14	547	1	253	2	6	78	55	1	2	89	1	13	2	37	983	156	4	15	0	11	23	89	22	2	5	43	9	0	5	224	0	1	34	372	1	0	1	37	0	1526	321	1408	2106	482	3	132	1	534	147	2	25	1	129	0	0	16	177	3	4	81	1046	102	1	1	44	932	0	1	32	0	1	0	18	1	27	54	6	81	1705	13	255	1	105	13
otu74	2	0	0	31	0	0	5	0	4	428	1	0	9	5	0	4	1	0	1	10	0	3	2	1	2	1	34	2	5	0	4	0	79	8	7	5	7	61	11	1	42	4	1	27	9	8	2	0	25	2	26	13	0	4	7	14	4	10	13	8	10	5	0	6	5	4	0	30	5	0	2	0	0	2	0	0	0	0	21	0	2	0	1	0	0	11	81	7	10	87
otu75	0	0	0	0	0	0	0	0	0	0	0	0	0	0	0	0	0	0	0	0	2	0	0	0	0	0	0	0	0	0	0	0	81	0	0	0	0	0	0	0	0	0	0	0	0	0	0	0	4	0	0	0	0	0	0	0	0	0	0	0	0	0	0	0	0	0	0	0	0	0	0	0	0	0	0	0	3	0	0	0	0	0	0	0	0	0	0	0	0	0
otu76	24	576	426	0	0	2	8	0	0	19	143	91	30	2	961	581	11	265	0	216	293	19	2	1	0	61	47	289	2	4	1	18	6	0	1927	794	2	6	1	536	1	12	1	22	1	30	81	9	744	8	0	1	4	153	1115	0	22	2	1	20	1	42	702	1	0	11	1106	0	0	148	123	362	0	2	3	2	584	0	4	0	15	58	35	4	894	3	172	0	2	1
otu77	1	34	8	0	2	1	1	0	0	0	8	6	3	0	50	35	0	12	0	7	33	1	0	1	0	7	0	17	0	0	0	1	0	0	107	62	0	0	0	43	0	0	0	2	0	3	3	1	57	1	0	0	1	9	78	0	3	0	0	0	0	0	44	0	0	1	73	0	0	5	11	57	0	0	0	0	19	0	0	0	1	4	2	0	40	0	6	0	0	0
otu78	0	0	0	0	0	0	1	86	0	0	0	0	1	0	0	0	0	0	0	3	0	1	0	0	0	0	0	0	0	0	0	0	0	0	0	0	0	0	0	0	0	0	0	0	0	0	0	0	0	0	0	0	0	0	0	0	0	0	0	0	0	1	0	0	0	1	2	0	0	1	0	1	0	0	0	0	0	0	0	0	0	0	1	0	0	0	4	0	0	0
otu79	0	16	2	0	0	5	1	0	0	1281	0	0	0	0	0	333	0	126	0	0	96	0	0	0	0	7	1	0	2	2	0	8	0	0	0	0	0	1	0	0	0	0	0	2	0	32	0	0	0	3	0	1	5	28	466	0	18	0	0	0	1	0	0	0	0	0	916	0	2	0	104	1583	0	0	1	0	0	0	0	3	0	124	0	1	5	1	116	1	0	4
otu80	1	97	4	0	91	33	3	18	64	304	2	0	75	0	0	19	0	0	1	1	1	37	0	0	73	0	1	0	29	1	2	1	0	15	16	2	1	0	5	24	0	2	8	0	0	297	26	31	0	1	0	170	0	6	37	4	0	0	106	0	0	0	43	221	0	2	1	43	0	2	0	0	0	12	15	1	0	90	64	1	2	12	3	18	30	117	0	0	6	12
otu81	14	8	9	5	0	2	19	3	0	44	1	1	4	289	4	201	0	79	18	3	14	6	14	21	2	58	6	4	3	4	23	1	140	0	58	26	13	16	55	19	16	11	32	53	0	0	51	1	21	13	0	1	14	3	0	10	15	2	12	0	197	2	1	5	5	12	3	3	1	133	16	0	22	60	37	6	6	8	3	3	8	3	19	39	2	6	36	6	12	180
otu82	0	12	0	2	0	18	0	0	0	0	18	15	0	0	199	0	5	2	19	1	9	10	11	0	0	577	0	7	3	141	8	13	4	11	5	5	491	3	10	16	1	751	16	3	5	0	53	0	0	0	2	2	9	37	2	109	179	0	4	1	378	1	0	2	7	4	79	0	0	106	2	15	98	34	0	1	172	6	0	4	158	17	21	113	36	123	29	1	73	0
otu83	10	4	131	144	210	0	0	1	0	9	111	61	1	0	0	7	2	0	1	1	0	218	3	36	1	0	301	7	44	8	0	0	3	30	104	0	126	1	0	0	74	4	0	0	0	1003	0	296	7	0	6	147	0	1	404	56	1	493	18	23	0	11	0	656	17	0	60	650	0	0	0	1	0	0	5	22	0	705	168	0	0	1	1	0	0	6	2	0	137	94
otu84	0	54	0	7	0	0	0	0	4	18	1	2	382	10	1	0	0	0	0	237	0	0	33	0	0	0	0	0	1	9	0	0	337	113	189	3	0	384	87	0	1	0	3	416	195	3	0	0	0	292	3	0	8	0	38	1	2	50	0	67	0	15	0	45	26	23	0	0	29	0	0	0	0	0	80	0	0	76	0	26	0	0	1	0	0	1	0	221	1	128
otu85	2	0	8	0	3	0	0	0	0	0	0	0	0	0	0	0	0	0	0	0	0	0	0	38	1	0	1425	0	0	3	0	0	0	0	0	0	0	182	0	1	12	18	1	141	0	134	0	37	113	0	3	0	0	2	3	13	0	3	1	5	0	0	5	0	60	0	0	0	0	0	0	0	0	0	0	0	0	0	123	0	0	0	0	0	0	0	0	777	0	151
otu86	0	0	0	0	0	0	420	100	0	0	0	0	0	0	0	0	0	0	0	0	0	2	0	0	0	0	0	0	0	0	0	0	0	0	0	0	0	0	0	69	0	0	0	61	5	0	0	0	0	0	0	0	0	0	0	0	0	0	0	0	0	0	0	0	0	0	0	0	0	0	0	0	0	0	1	0	0	0	0	0	0	0	0	0	0	0	19	0	0	0
otu87	11	1	13	159	0	0	0	4	47	0	1	3	15	0	0	57	0	0	0	14	0	13	8	15	86	0	198	0	3	104	0	0	79	22	0	0	0	27	0	1	152	0	0	20	1	69	0	6	37	18	11	21	0	0	15	15	0	6	1	5	0	0	2	8	29	0	0	134	0	0	0	0	0	0	1	0	3	1	16	3	0	2	0	0	6	4	384	163	11	25
otu88	5	206	52	0	1	610	2	967	420	119	76	270	80	0	2047	641	90	171	1	262	577	591	8	6	19	31	73	3869	10	77	91	272	20	0	68	129	24	205	90	6	4	6	300	20	36	301	390	2	1689	417	1	17	192	288	594	9	47	15	552	13	66	229	1228	0	0	136	490	19	96	4	247	65	0	14	7	14	0	1	122	2	398	77	26	31	3023	1	24	556	148	224
otu89	0	0	0	2	0	13	0	15	0	0	0	0	0	0	0	1	3	0	0	0	0	0	0	0	0	0	0	0	0	12	0	0	0	0	0	0	0	0	0	0	0	4	0	0	0	0	0	0	0	0	0	0	0	0	0	0	0	0	0	0	19	0	0	1	0	0	0	1	0	0	0	14	4	0	0	93	12	17	0	22	0	0	0	0	0	0	0	1	0	0
otu90	29	33	3	0	5	0	3	0	53	4	1	0	54	4	0	0	0	0	0	14	0	0	0	0	3	0	323	0	3	2	1	0	10	5	1	0	6	161	0	0	3	28	0	52	4	46	1	0	0	0	0	161	0	0	28	15	24	35	90	82	5	0	4	38	72	3	0	1	2	0	0	0	0	9	1	0	9	2	1	0	0	0	0	0	3	1	18	0	16	59
otu91	0	4	1	0	33	0	17	0	6	0	0	30	0	6	0	0	1	0	2	2	6	71	11	0	47	0	0	0	9	1	5	0	5	0	0	1	0	0	0	19	0	0	0	0	0	0	2	1	0	9	4	25	23	0	30	0	0	0	17	3	7	4	0	2	72	25	41	5	32	0	1	0	0	0	12	33	0	0	1	0	4	9	42	1	40	19	1	112	28	12
otu92	0	6	9	0	0	23	0	9	5	0	38	30	78	0	2	0	0	8	4	337	29	3	22	2	5	3	2	5	1	691	14	9	5	15	8	36	16	28	2	82	1	8	271	0	11	0	79	0	2	0	1308	11	45	79	56	120	85	0	8	2	1273	6	0	1	2	1	267	0	14	249	357	1	382	8	6	9	70	25	27	233	128	30	12	129	12	47	0	3	198	63
otu93	0	0	0	2	0	0	0	0	0	0	0	0	0	0	0	0	0	0	0	2	0	0	3	0	0	0	0	0	3	0	2	0	0	0	8	0	10	59	0	0	7	0	1	79	3	0	0	0	3	8	14	3	0	0	3	3	0	1	7	0	0	1	0	0	2	1	0	0	0	0	0	0	0	0	0	1	0	0	2	0	0	0	0	0	0	0	12	3	0	32
otu94	0	1033	2	0	0	0	0	0	3	165	1120	624	188	79	1001	829	104	520	337	745	1107	1791	927	2	426	100	0	254	2	0	72	375	289	1085	255	68	0	1	211	81	282	134	0	0	1	0	748	0	0	0	0	749	585	108	1199	481	21	623	1371	210	0	3297	0	878	0	1	113	0	410	91	5	2	123	78	18	275	106	555	0	0	392	147	653	95	21	429	2	2	1	719
otu95	0	3	0	0	0	0	0	0	0	165	0	22	0	0	0	0	0	0	2	0	31	0	0	0	0	0	0	0	0	0	0	0	0	0	0	0	0	0	0	3	1	0	0	0	0	0	0	150	0	0	149	2	0	0	0	0	0	7	0	0	0	0	0	0	0	0	0	0	7	0	0	0	0	20	6	0	0	0	0	0	0	0	0	0	0	0	0	0	0	0
otu96	0	0	0	0	0	0	0	0	0	0	0	33	0	0	0	0	0	0	0	0	27	0	0	0	0	0	0	0	0	0	0	0	0	0	0	0	0	0	0	0	0	0	0	0	0	0	0	0	0	0	0	0	0	0	0	0	0	0	0	0	0	0	0	0	0	0	0	0	0	0	0	0	0	28	0	0	0	0	0	0	0	0	0	0	0	0	0	0	158	0
otu97	0	0	0	0	0	0	0	0	0	0	0	0	0	0	0	0	0	0	0	0	0	0	0	0	0	0	0	0	0	97	0	0	0	0	0	0	0	0	0	0	0	0	0	0	0	0	0	0	0	0	0	0	0	0	0	0	0	0	0	0	0	0	0	0	0	0	0	0	0	0	0	0	0	0	0	0	0	0	0	0	0	0	0	0	0	0	0	0	0	0
otu98	0	34	24	0	104	15	52	1	0	3	0	1	0	0	23	12	0	34	10	10	32	263	0	0	40	5	0	48	0	31	25	0	0	0	0	6	22	88	53	0	7	0	17	18	9	0	184	0	1	10	0	0	39	80	74	40	8	0	0	164	30	21	71	0	0	0	55	0	0	17	21	25	29	27	18	34	20	0	19	0	37	143	45	11	141	0	0	0	0	0
otu99	16	220	34	1	0	78	277	88	2	4	417	2	1	2	113	64	16	42	42	1204	147	1823	82	1	0	90	0	386	26	37	121	204	195	0	0	36	146	690	0	161	1	83	146	3	63	117	204	0	2	231	1	497	207	433	2	336	36	0	955	0	178	246	117	124	80	205	143	1	304	107	40	36	100	76	2	23	2	275	6	234	210	135	417	153	652	121	86	754	0	967
otu100	0	0	0	0	0	0	0	0	0	1	30	1	1	0	171	0	0	176	0	1	0	0	0	0	0	0	1	1	0	0	0	0	0	0	0	107	1	0	0	0	0	0	0	0	0	0	92	0	0	0	0	0	0	1	67	0	452	0	0	1	163	135	0	1	0	0	787	0	1	1	0	0	0	0	0	0	0	0	0	0	79	4	0	0	21	21	0	0	0	1
otu101	13	0	4	9	42	0	1	0	0	258	0	0	0	1	0	8	0	27	0	0	0	0	0	91	0	0	49	0	1	0	40	1	17	2	99	0	0	0	0	14	1	35	0	0	5	3	0	356	2	0	0	0	0	14	0	0	7	0	0	0	0	0	0	95	0	0	1	0	2	0	152	0	0	1	4	0	345	733	0	0	0	0	0	0	0	2	0	327	0	0
otu102	0	0	0	0	0	0	0	0	0	0	0	2	0	0	0	0	0	0	0	0	0	0	0	0	0	5	0	0	0	65	0	0	0	0	0	15	9	0	0	0	0	0	0	0	0	0	0	0	0	0	0	0	0	0	0	3	0	0	0	0	0	0	0	0	0	0	0	0	2	0	0	0	0	30	0	0	0	0	0	0	0	0	0	0	0	0	0	0	0	0
otu103	81	0	5	0	0	0	0	0	0	0	0	0	0	0	0	0	0	0	0	0	0	0	0	0	0	0	0	0	0	0	0	0	0	0	0	0	0	0	76	0	0	0	0	0	0	0	0	0	0	0	0	0	0	0	0	0	0	0	0	0	0	0	0	0	0	7	1	0	0	2	0	0	0	0	0	54	2	0	0	0	0	0	0	0	0	5	0	0	0	0
otu104	0	0	0	0	0	0	0	0	0	0	0	3	0	0	9	0	0	0	7	0	71	0	0	0	0	2	0	0	0	1	36	0	0	0	0	5	7	0	0	0	0	0	29	0	0	0	10	0	0	0	0	0	0	0	48	1	0	0	0	0	0	0	0	0	0	0	0	0	1	0	0	0	0	23	0	33	0	0	0	0	0	31	0	0	0	0	0	0	0	0
otu105	0	0	0	0	0	0	0	0	0	0	0	31	0	0	0	0	0	0	0	0	0	0	0	0	0	71	19	0	0	69	0	0	0	0	0	350	184	0	0	0	0	0	0	0	0	0	0	1	0	0	0	0	0	0	0	154	0	0	0	0	0	0	0	0	0	0	0	0	73	0	0	0	0	65	0	0	0	0	0	0	0	0	0	0	0	0	0	0	0	0
otu106	780	656	1	4	0	2334	45	4	331	1	1	3	0	1	0	1	1	1	0	0	0	1	1	384	0	1	306	3628	308	1	0	177	0	0	0	2	1	0	270	0	1	0	0	0	0	2	0	1	2	0	1	1079	0	0	0	0	0	0	383	20	282	817	2	548	1223	2	1	111	2	1	1	1	0	0	518	3	1	0	0	0	0	0	617	0	195	0	0	1	1	818
otu107	0	0	0	0	0	0	0	1	0	0	0	0	0	0	0	0	0	0	0	0	0	0	0	0	0	0	0	0	0	0	0	0	0	0	0	4	29	0	0	0	3	0	0	94	0	0	0	0	0	0	0	0	0	0	0	0	0	0	0	25	0	0	0	0	0	0	0	0	0	0	0	0	0	0	0	0	0	0	0	0	0	0	0	5	0	0	0	0	0	0
otu108	0	0	0	0	0	2	0	0	2	0	0	1	0	0	0	0	0	0	0	0	0	0	1	0	1	0	7	1	2	0	0	1	0	0	0	1	0	0	0	0	3	0	0	662	0	1	2	0	0	0	0	0	0	0	0	0	0	0	0	16	1	1	0	0	0	2	1	0	0	0	0	0	0	0	1	0	0	0	7	0	2	1	1	0	0	0	0	0	0	1
otu109	0	0	0	0	0	0	0	0	0	0	0	76	0	0	0	0	0	0	0	0	0	0	0	0	0	0	0	0	0	0	0	0	0	0	0	0	0	0	0	0	0	0	0	0	0	0	0	0	0	0	0	0	0	0	0	0	0	0	2	0	0	0	0	0	0	0	0	0	0	1	0	0	0	0	0	0	0	0	512	0	1	0	0	0	0	0	0	0	0	0
otu110	63	92	285	2	30	21	115	68	1	643	0	176	109	0	60	12	48	5	48	0	26	129	28	271	448	35	3	200	0	15	27	97	50	224	34	27	0	115	107	24	8	43	18	1	104	2	36	44	130	88	5	0	101	27	109	1	10	89	169	14	38	31	221	118	0	37	46	0	26	40	39	34	49	133	68	73	171	39	0	38	71	61	128	21	67	52	0	124	107	0
otu111	131	304	213	193	47	121	1384	445	1441	1278	0	412	3	163	181	156	357	16	180	2	252	786	384	6	444	138	65	355	61	157	180	491	162	711	201	35	2	3	390	215	4	362	157	23	268	60	421	744	160	274	0	4	365	469	27	2	52	0	730	4	99	592	973	366	3	88	292	4	235	336	101	70	158	232	600	38	86	0	4	269	119	176	371	94	951	124	124	360	1	0
otu112	17	9	38	32	37	1	108	0	29	0	21	0	39	0	2	0	0	0	0	0	0	16	41	23	26	0	41	11	3	3	1	2	53	14	1	0	2	0	9	0	6	2	0	6	8	93	2	0	18	7	0	4	0	0	13	0	0	28	34	100	5	0	1	8	0	14	0	4	0	0	0	10	0	4	4	0	0	10	31	21	0	2	9	0	19	7	10	41	23	27
otu113	0	0	0	0	0	0	83	0	0	0	0	0	0	0	0	0	0	0	0	114	0	0	0	0	0	0	0	0	0	3	0	0	0	0	0	0	0	0	0	2	0	0	0	0	0	0	0	1	6	1	0	0	0	0	0	0	0	0	0	0	0	0	0	0	0	0	0	0	0	0	0	0	0	0	0	0	0	0	0	0	0	0	0	0	0	0	0	0	0	1
otu114	21	0	0	27	6	0	13	47	0	44	1	0	0	0	0	0	0	3	0	0	0	2	0	33	0	6	13	63	0	0	10	0	2	1	34	0	0	9	0	20	0	7	4	0	1	2	1	74	32	0	0	1	0	5	0	0	3	0	0	0	0	0	0	31	0	2	0	12	3	0	37	657	0	0	2	0	148	189	0	0	5	0	8	1	0	1	0	70	0	0
otu115	3271	203	437	300	731	30	6523	4269	264	120	31	24	9	147	34	337	27	128	90	22	7	69	48	148	48	475	62	64	82	40	103	151	1880	44	85	1049	6	2218	5	6	29	77	5	57	65	2558	51	4007	649	860	2	68	69	8	47	29	543	3227	749	149	0	39	1902	41	3	398	123	418	47	7	66	20	3	87	1077	65	282	265	179	24	42	6	1036	26	82	21	1632	114	85	1525
otu116	0	3	2	0	0	0	0	0	0	0	0	0	0	0	0	0	0	0	0	0	0	0	0	0	0	0	0	0	0	0	0	0	0	0	0	0	0	0	0	0	0	4	0	0	0	0	0	0	0	0	0	0	0	0	0	0	0	0	0	0	0	0	0	4	0	0	0	0	162	0	0	0	0	0	0	1	0	0	0	0	0	0	0	0	0	0	0	0	0	0
otu117	135	1433	725	6	38	1815	549	1169	278	5	136	296	62	131	1755	203	1144	263	679	3045	1212	363	2348	4	383	617	3	642	977	549	203	254	369	354	2031	1777	371	908	1307	1211	811	1238	1538	5	1026	125	1137	519	7	143	1037	630	1498	1021	119	1026	752	1	340	15	1220	258	571	245	491	571	789	72	355	900	1970	1481	493	1113	1450	164	2532	67	1400	518	132	547	1094	2522	1329	2943	10	972	494	459
otu118	10	17	3	19	1	0	0	0	1	0	12	2	67	35	2	0	0	2	3	3	2	10	2	17	14	0	15	0	0	9	2	6	202	2	16	10	0	48	9	11	2	5	2	51	142	79	4	0	0	0	30	0	1	1	14	21	6	0	24	0	15	5	1	4	0	59	7	7	19	3	6	13	5	4	4	4	14	4	40	12	7	7	0	11	1	58	26	73	99	36
otu119	55	651	335	67	214	163	842	2	1227	107	771	188	94	1	337	168	4	76	57	276	226	815	1020	0	994	96	933	1096	1109	76	207	188	193	473	481	38	227	193	604	238	1	686	171	1	448	352	645	149	24	300	0	1839	1873	150	271	211	164	1	845	9	218	4	225	160	34	664	113	1	56	175	173	195	124	894	1241	101	3	599	100	120	34	340	2216	272	1096	43	0	779	221	107
otu120	0	0	0	0	0	0	0	0	0	0	0	0	0	0	0	0	0	0	0	0	0	0	0	0	0	0	0	1	0	0	1	2	1	0	0	0	0	0	0	1	593	2	0	0	0	0	1	0	0	0	0	0	1	0	0	0	1	1591	3	2	1	0	0	0	0	0	0	0	0	0	0	0	0	42	0	0	0	0	0	0	0	0	0	0	0	0	0	0	0	0
otu121	0	0	0	0	0	0	0	0	0	0	0	0	0	0	0	0	0	0	0	0	0	0	0	0	0	0	0	2	2	0	4	1	4	2	0	1	0	0	0	0	6056	3	1	0	1	0	1	0	0	0	0	0	6	0	3	1	1	8026	6	7	1	0	0	0	1	0	0	0	0	0	0	0	0	0	0	0	0	6	0	0	0	0	0	0	0	0	0	0	0	0
otu122	0	0	0	0	0	0	0	0	0	0	0	0	0	0	0	0	0	0	0	0	0	0	0	0	0	0	0	0	1	0	1	0	1	1	0	0	0	0	0	0	30	0	0	0	0	0	0	0	0	0	0	0	5	0	0	0	0	2229	2	1	0	0	0	0	0	0	0	0	0	0	0	0	0	2	0	0	0	0	0	0	0	0	0	0	0	0	0	1	0	0
otu123	0	0	0	0	0	0	0	0	0	0	0	0	0	0	0	0	0	0	0	0	0	0	0	0	0	0	0	0	0	0	0	0	0	0	0	390	0	0	0	57	0	0	0	0	0	0	0	0	0	0	0	0	0	0	0	0	0	0	0	0	0	0	0	0	0	0	0	0	0	0	0	0	0	0	0	0	0	0	0	0	0	0	0	0	0	0	0	0	0	0
otu124	0	0	0	0	0	0	0	23	0	0	0	0	0	0	0	0	0	0	0	2	0	0	0	0	0	0	0	0	0	2	0	0	2	0	2	0	39	0	0	0	46	2	0	484	2	0	0	22	0	0	0	0	0	0	1	0	0	0	0	11	0	0	0	0	0	1	0	0	0	0	0	0	0	0	1	0	0	0	1	0	0	0	0	0	0	0	0	0	0	0
otu125	0	0	0	0	0	0	0	0	0	0	0	0	0	0	0	0	0	0	0	0	0	0	0	0	0	0	0	0	0	0	0	0	0	0	0	0	0	0	0	0	11	0	0	0	0	0	0	34	0	0	0	0	0	0	0	0	0	4	0	0	0	0	0	0	0	0	0	0	0	0	0	0	0	0	0	0	0	0	0	0	0	0	0	0	0	0	381	0	0	0
otu126	0	0	0	0	0	0	0	0	0	0	0	0	0	0	0	0	0	0	0	0	0	0	0	0	0	0	0	1	0	0	1	1	0	1	0	0	0	0	0	0	2038	2	0	1	0	0	0	0	0	1	0	0	3	0	2	0	0	2053	2	1	0	0	0	0	0	0	0	0	0	0	0	0	0	0	0	0	0	0	0	0	0	0	0	0	0	0	0	0	0	0
otu127	0	0	1	115	0	0	9	28	7	12	0	0	0	0	2	11	0	0	1	4	0	3	0	0	7	0	6	2	0	1	3	13	14	0	1	0	0	3	0	0	5	11	1	0	0	13	1	0	2	0	0	1	0	1	2	3	0	0	6	8	1	2	1	5	0	0	4	0	2	0	0	1	1	1	5	0	0	0	3	1	1	0	2	2	0	3	0	10	0	1
otu128	1	18	520	1	1011	16	81	34	0	5	92	122	1	80	82	209	28	1028	150	0	493	14	188	99	392	77	0	405	60	23	58	522	306	3	82	42	102	310	152	115	0	0	316	23	201	2	435	0	1	0	44	1	108	127	221	0	233	0	492	11	369	200	14	1	43	215	248	2	2	46	64	275	64	413	428	59	403	17	0	334	245	313	429	197	465	0	0	26	1259	129
otu129	0	11	31	2078	0	1044	244	4393	1	1	0	1	0	2	2	2	103	7	0	56	0	0	2	0	67	52	0	74	0	1	64	16	0	0	13	0	0	0	1	0	0	350	8	0	0	0	17	2	0	0	1	4	2	3	0	0	3	0	0	0	25	30	54	0	10	0	238	1	0	0	110	105	0	1	34	0	21	0	0	1	0	0	114	604	2	1	1	0	0	1
otu130	0	0	0	0	0	0	0	12	0	0	0	0	0	0	26	0	0	0	17	0	0	0	0	0	1	5	0	128	0	0	0	0	0	0	13	0	0	0	0	0	0	0	35	0	0	1	0	0	0	0	8	0	15	16	0	0	25	0	0	0	0	0	0	0	0	0	45	0	0	0	0	0	0	0	17	0	0	15	0	0	0	72	0	0	0	0	0	0	0	0
otu131	6	0	2	0	0	0	0	1	0	0	7	0	102	0	0	0	0	0	1	2	2	0	0	0	0	0	0	1	3	0	1	0	0	5	0	2	0	5	2	1	0	0	4	13	0	1	0	0	0	0	18	1	1	9	1	0	2	0	2	0	0	1	0	0	0	0	0	0	0	0	1	4	0	0	2	1	0	0	0	0	2	2	0	0	1	8	0	0	75	0
otu132	0	16	3	44	0	0	2	0	13	6	1	0	1	94	5	0	0	0	0	3	1	0	6	3	7	0	5	5	3	0	0	4	4	1	1	2	0	0	0	0	0	0	0	0	0	0	6	7	9	5	2	2	5	2	2	2	0	3	14	21	0	0	1	3	3	2	1	0	0	0	1	2	0	8	0	0	24	3	0	0	0	0	11	0	5	0	0	7	0	1
otu133	0	1	0	0	2	0	1	258	0	5	0	0	0	0	2	1	0	0	0	0	0	0	0	0	0	0	0	0	0	0	0	0	0	0	0	0	0	0	0	0	0	0	0	0	0	13	0	3	0	0	0	0	0	18	0	0	2	0	0	0	0	0	0	0	0	0	3	0	0	0	0	0	0	0	0	0	0	0	0	0	0	0	13	0	0	0	0	0	0	0
otu134	0	0	0	2	0	0	0	0	0	0	0	0	0	0	0	0	0	0	0	5	0	0	0	0	0	0	0	0	0	0	0	0	0	4	0	0	0	3	0	0	3	0	0	0	0	0	0	0	11	0	0	0	0	0	0	0	0	0	0	1	0	0	0	0	2	0	0	0	0	0	0	0	0	0	152	0	0	0	0	0	0	0	0	0	0	0	0	0	0	0
otu135	2	1	2	40	10	1	2	0	0	58	0	0	0	2	1	0	0	3	0	6	0	1	1	21	0	0	4	0	4	2	9	0	2	3	23	0	0	4	0	7	7	8	0	1	11	0	2	66	18	33	0	6	3	9	5	0	1	4	3	5	0	0	72	15	0	0	1	1	4	0	27	1	0	9	0	0	131	125	0	0	0	0	1	0	4	1	0	71	0	0
otu136	0	0	0	0	0	0	0	0	0	0	0	0	0	0	0	0	0	0	0	0	0	0	0	0	0	0	0	0	0	0	0	0	0	0	0	0	0	0	0	0	0	0	0	0	0	0	0	0	0	0	0	0	0	0	0	0	0	0	0	0	0	0	874	0	1	0	0	0	0	1	0	0	0	0	0	0	0	0	0	0	0	0	0	0	0	0	0	0	0	0
otu137	0	0	0	0	0	0	0	0	0	0	0	0	0	0	0	0	0	0	0	0	0	0	0	0	0	0	0	0	0	0	0	0	0	0	0	0	0	166	0	0	19	0	0	0	0	0	0	0	0	0	0	0	0	0	0	0	0	0	0	0	0	0	0	0	0	0	0	0	0	0	0	0	0	0	0	0	0	0	0	0	0	0	0	0	0	0	0	0	0	0
otu138	2	0	0	0	1	4	0	28	20	0	1	2	6	0	0	0	1	1	2	0	1	16	0	2	0	7	55	0	10	41	3	0	15	8	0	0	0	5	0	3	1	0	0	0	0	7	18	10	21	0	0	18	4	18	1	2	2	0	1	77	0	0	87	22	0	0	2	1	1	4	3	0	114	0	1	0	2	0	0	6	9	0	0	0	8	0	3	0	0	13
otu139	2	0	0	0	12	0	0	0	0	104	1	0	0	0	0	0	1	2	0	2	0	0	0	59	0	0	24	1	1	1	23	0	11	0	33	0	0	0	0	7	0	24	0	0	2	2	0	110	0	0	0	0	0	10	2	0	7	1	0	0	0	0	0	24	0	1	0	0	0	0	79	0	0	0	2	1	207	233	0	0	1	0	0	0	0	0	0	147	0	0
otu140	1	0	0	0	0	0	0	0	0	0	1	1	0	0	14	5	0	1	13	2	0	0	0	0	155	0	0	1	0	0	0	0	0	0	0	0	1	0	0	11	0	0	15	0	0	0	12	0	0	0	0	0	46	3	0	0	0	0	0	0	0	0	0	0	0	0	1	0	0	2	0	1	11	1	0	2	0	0	0	0	6	10	0	3	4	6	0	0	0	0
otu141	0	0	0	86	0	0	0	0	0	0	0	0	0	0	0	0	0	0	49	0	0	0	0	0	0	0	0	0	0	0	0	0	0	0	0	0	0	0	0	0	0	0	0	0	0	0	0	0	0	0	0	0	165	0	0	0	0	0	0	0	0	0	0	0	0	0	0	0	0	0	0	0	0	0	0	0	0	0	0	0	0	0	0	0	0	0	0	0	0	0
otu142	0	0	0	1	0	0	0	0	2202	0	0	0	2	1	0	1	0	0	0	0	838	0	0	0	69	0	0	0	1236	0	0	0	0	0	0	0	0	0	0	0	6	0	0	0	0	0	207	2	0	0	0	0	559	0	0	0	1	0	1221	1	0	0	0	0	0	0	0	0	0	0	0	0	0	0	0	1	0	0	663	0	0	0	0	0	0	0	0	0	0	0
otu143	3441	2	1	0	5490	7	5	3	1	0	0	4	0	2	278	1527	1	2497	3851	2	1899	0	1	0	6	788	1	624	4	1746	1	1	1	1	0	272	3783	0	0	2031	9	3368	2	916	1	14	321	0	0	0	7	0	1	737	1178	1	2351	1	0	887	1	2	0	1	0	0	566	1	861	1854	0	2	1	2	11	1233	337	6	1	0	0	919	3	1	3	1	0	9	3	1
otu144	0	0	0	0	0	0	0	0	0	0	0	0	0	0	56	156	0	0	0	0	0	0	0	0	0	0	0	240	0	0	0	0	0	0	0	0	0	0	0	0	0	0	0	0	0	0	0	0	0	0	0	0	0	0	0	0	0	0	0	0	0	0	0	0	0	0	0	0	0	0	0	0	0	0	0	0	0	0	0	0	0	0	0	0	0	0	0	0	0	0
otu145	7	0	0	4	10	0	2	0	0	125	0	0	2	0	0	0	0	2	0	0	0	0	0	51	0	0	54	0	0	0	36	0	3	2	53	0	0	0	0	12	0	20	0	0	3	2	0	194	1	0	0	0	0	14	0	0	5	0	0	0	0	1	0	46	1	0	0	1	1	0	122	0	0	0	1	0	261	422	0	0	0	0	0	2	0	3	0	230	0	0
otu146	91	0	0	0	32	0	0	0	0	0	12	0	0	0	0	0	0	11	53	0	1	0	0	0	0	0	0	0	0	89	0	0	0	0	0	0	354	0	1	0	0	72	0	0	0	0	0	0	0	0	0	0	0	0	0	0	0	0	0	0	0	0	0	0	0	0	0	0	0	0	0	0	0	0	2	632	0	0	0	0	0	0	0	0	0	0	0	0	0	0
otu147	0	8	88	0	8	24	0	3	0	0	29	50	0	58	76	37	7	1	2	0	65	6	9	0	5	13	1	0	1	402	85	24	0	0	7	0	68	0	0	6	0	61	211	1	90	1	28	0	0	0	66	1	1	150	27	13	47	0	32	10	0	32	0	1	378	50	166	0	82	83	44	0	34	24	1	67	11	44	67	46	15	6	14	25	206	2	100	1	0	83
otu148	5	17	1	887	5	33	8	333	4	16	19	9	3	64	6	12	3	0	2	91	3	29	13	3	11	0	3	9	4	72	106	7	9	74	0	0	0	169	1	2	300	131	5	0	5	56	34	6	48	2	2	12	11	5	7	0	10	23	48	34	6	7	25	13	19	9	23	11	28	1	5	4	2	11	97	2	18	13	4	6	6	16	21	32	1	21	1	80	5	7
otu149	0	0	0	0	0	0	0	0	0	0	4	0	0	0	4	0	0	3	2	0	0	0	0	0	0	7	0	0	0	0	3	0	0	0	0	0	3	0	0	0	0	0	14	0	0	0	2	0	0	5	0	0	0	7	5	0	1	0	0	0	0	48	0	0	0	0	3	0	12	13	0	0	0	0	0	5	0	0	24	0	87	0	0	1	0	0	0	0	0	0
otu150	35	0	33	14	1	0	0	5	0	28	0	6	0	12	14	126	6	0	10	0	3	0	7	11	1	18	0	0	0	9	27	19	0	4	19	23	31	19	0	2	67	13	15	105	0	0	4	5	3	13	13	1	12	9	15	17	13	14	39	0	0	3	0	0	0	0	17	0	35	37	11	0	17	19	1	13	8	12	40	20	0	1	0	0	0	4	13	0	19	0
otu151	0	0	0	0	0	0	0	0	0	0	0	0	0	0	20	0	1	4	0	0	0	0	0	0	0	0	0	0	2	1	0	0	0	0	0	23	73	0	0	0	0	0	14	0	67	0	0	0	0	0	0	0	0	0	53	0	0	0	0	0	0	0	0	0	0	6	1	0	97	0	22	195	0	0	0	0	0	0	0	0	101	5	0	0	0	3	95	0	0	0
otu152	0	0	84	69	0	0	0	0	0	1	0	44	0	0	0	0	0	0	0	0	0	52	0	0	0	19	0	0	0	0	0	0	0	0	0	0	162	0	1	0	0	334	0	0	0	1	4	0	0	0	0	0	0	0	0	1	0	0	0	1	0	0	0	0	0	0	64	0	0	0	653	0	274	84	12	0	0	0	0	0	140	0	0	0	0	0	0	0	0	0
otu153	106	5	2	1	1	1379	1	256	11	16	14	45	1639	530	761	152	1	160	11	861	203	0	1456	2	0	335	0	0	4	426	1	190	1	0	64	923	2	2	1802	39	0	1	308	0	0	290	228	61	0	1	265	48	95	266	151	304	270	2	2	20	3	190	2	3	2077	532	1	6	7	1005	0	0	0	0	63	47	11	110	99	0	1	26	0	0	23	47	608	3	2	992
otu154	0	1	0	0	0	0	0	0	0	0	0	0	828	1	37	0	0	0	437	0	0	0	2	0	12	404	2	0	0	0	3	0	5	3	0	0	255	0	1	0	2	4	0	0	0	4	162	0	0	7	1	1	5	0	0	3104	564	0	6	18	0	920	3	1	0	0	0	0	0	1307	0	0	0	0	293	0	846	0	0	0	0	0	0	0	0	0	0	0	0	0
otu155	0	0	0	0	0	0	0	0	0	0	0	0	0	0	0	0	0	0	0	0	0	0	0	0	0	0	0	0	0	0	0	0	0	0	0	0	0	0	0	0	0	0	0	0	0	0	0	0	0	0	0	0	714	0	0	0	0	0	0	0	0	0	0	0	0	0	0	0	0	0	0	0	0	0	0	0	0	0	0	0	0	0	0	0	0	176	0	0	0	0
otu156	9	25	0	0	0	0	2	0	0	4	2	0	0	9	4	0	1	10	0	0	4	42	0	0	1	1	0	0	0	24	59	80	0	1	22	108	0	0	131	12	591	4	256	0	356	0	0	150	0	212	0	28	0	61	13	17	0	0	0	7	0	132	0	33	725	2	12	1	0	0	0	0	172	14	66	0	7	0	0	4	224	0	9	255	48	0	0	0	0	267
otu157	0	0	0	1	0	0	0	0	0	0	0	0	0	0	0	0	0	0	0	0	0	0	0	0	0	0	0	0	0	16	0	5	25	0	0	0	1	0	0	0	2	3	0	380	0	0	0	0	0	0	2	0	0	2	1	0	0	0	0	19	0	0	0	0	0	1	0	0	0	0	0	0	0	0	0	0	0	2	4	0	0	0	1	0	0	0	0	0	0	1
otu158	2	0	453	164	1	1	23	3	1	1	35	0	1	81	83	1946	2	2034	0	0	1909	518	315	11	74	0	1	1	8	0	794	838	1181	5	960	4	367	1607	3	2546	798	6	1370	1	2091	0	1013	6	0	7	2273	5	189	0	2	2172	1	2	2	0	0	1	2	12	0	1237	0	1	3	1	1205	0	15	262	19	14	0	66	0	78	722	1	2	0	8	2231	1359	47	3002	1
otu159	1	1	0	0	8	0	1	0	0	33	0	0	0	0	0	0	0	0	0	879	0	1	0	0	0	878	1	0	0	17	0	0	0	0	0	1402	0	0	0	2	0	92	0	0	0	0	0	0	0	0	0	0	0	385	51	0	453	1	0	0	0	0	0	0	0	0	35	0	115	0	0	0	181	1	0	0	12	0	0	0	0	79	0	385	0	0	0	0	0	0
otu160	100	0	0	0	0	0	0	0	0	0	0	0	0	3	1	0	0	0	0	0	0	0	3	0	0	0	0	0	0	0	5	63	2	0	2	0	437	4	0	3	18	35	0	6733	0	20	1	2	0	0	0	1	3	0	0	0	3	0	0	2	0	0	0	0	0	1	0	0	1	0	0	0	0	0	0	0	0	0	3	0	1	0	2	0	0	0	0	0	0	1
otu161	3	0	0	0	0	0	0	0	0	0	10	0	0	0	0	0	0	0	0	0	0	0	0	0	0	0	0	0	3	0	0	6	0	1	0	1	2299	0	0	1	1	190	0	79	0	0	0	0	0	0	0	0	0	0	0	0	0	0	0	2	0	0	0	0	0	2	0	0	2	0	0	0	0	5	0	0	0	0	6	0	0	0	0	0	0	0	0	0	0	5
otu162	3	0	1	1	15	0	0	0	0	48	0	0	0	0	0	1	0	2	0	0	0	0	0	25	0	0	22	0	0	0	7	0	1	0	26	0	0	0	0	9	0	14	0	0	0	2	0	81	0	0	0	1	0	2	0	0	1	0	0	0	0	0	0	20	0	0	0	0	0	0	41	0	0	0	1	0	94	184	0	0	0	0	0	1	0	0	0	111	0	0
otu163	0	0	0	0	0	0	0	0	0	0	0	0	0	0	1	0	0	0	0	0	0	0	0	0	0	0	0	0	0	0	2	0	0	0	0	0	125	0	0	0	0	0	0	508	0	0	0	0	0	0	0	0	0	0	0	0	0	1	0	30	0	0	0	0	0	0	0	0	0	0	0	0	0	0	0	0	0	0	0	1	0	0	0	0	0	0	0	0	0	0
otu164	1	2	0	1	0	0	13	3	1	0	0	1	0	0	0	0	0	2	1	2656	0	2	1	1	0	8694	3	2	2	0	1	0	0	0	2	0	0	0	0	0	3	0	0	0	0	4	0	0	1	0	0	0	2	0	0	1	1269	2	0	1	2	2	2	5	4345	5	0	3	5	3	0	1	0	0	0	9	18	0	0	0	0	0	0	0	2	0	0	3	1	3
otu165	0	0	2	0	0	0	0	0	0	0	0	0	0	0	0	814	0	0	0	0	0	0	0	0	0	0	0	0	0	0	0	0	0	0	0	0	0	0	0	0	0	0	0	0	0	0	0	0	0	0	0	0	0	0	0	0	0	0	0	0	0	0	0	0	0	0	0	0	0	0	0	0	0	0	0	0	0	0	0	0	0	0	0	0	0	0	0	0	0	0
otu166	0	0	0	0	0	0	0	0	0	0	0	0	0	0	0	0	0	0	0	0	0	0	0	0	0	0	0	0	0	0	0	0	0	0	0	0	0	171	0	0	1	0	0	0	0	0	0	0	5	0	0	0	0	0	0	0	0	0	0	0	0	0	0	0	0	0	0	0	0	0	0	0	0	0	0	0	0	0	0	0	0	0	0	0	0	0	0	0	0	0
otu167	0	0	0	0	0	3	2	0	0	0	0	0	0	0	0	0	0	0	0	0	0	27	0	0	0	0	0	1	0	3	19	0	0	0	0	0	0	0	0	0	0	0	1	0	0	0	13	0	0	0	0	0	0	0	0	0	9	0	0	0	0	0	0	0	0	0	0	0	0	0	7	0	0	36	1	72	0	0	0	0	27	27	0	9	20	26	0	0	0	0
otu168	3	0	0	11	11	0	0	0	0	45	0	0	0	0	0	0	0	2	0	0	0	0	0	33	0	0	17	0	0	0	10	0	6	1	37	0	0	0	0	9	0	11	0	0	2	0	0	124	0	0	0	0	0	6	0	0	5	0	1	0	0	1	0	18	0	0	0	0	0	0	80	1	0	1	1	0	198	200	1	0	2	0	0	2	0	1	0	122	0	0
otu169	0	0	1	2	0	1	1	0	0	0	0	0	0	0	0	0	557	0	0	0	0	0	0	0	0	0	0	0	0	0	0	0	0	0	0	0	15	0	0	0	0	0	0	0	0	0	0	0	0	0	0	0	0	0	0	0	0	0	0	0	0	0	0	0	0	0	7	0	0	0	0	0	0	0	0	0	0	0	0	0	0	0	0	1	0	0	0	0	0	0
otu170	3	0	6	0	5	0	0	0	0	47	0	0	0	0	0	0	0	3	0	0	0	0	0	25	0	0	5	0	0	0	10	0	2	0	12	0	0	0	0	2	0	12	0	0	0	0	0	63	0	0	0	0	0	2	0	0	3	0	1	0	0	0	0	15	0	0	0	0	1	0	39	0	0	0	0	0	81	131	0	0	0	0	0	0	0	0	0	78	0	0
otu171	0	0	0	0	0	0	0	0	0	1	171	0	0	0	0	0	0	0	0	0	0	0	0	0	0	0	0	0	0	0	0	0	0	0	0	0	0	0	0	0	0	0	0	0	0	0	0	0	0	0	0	0	0	0	0	0	0	0	0	0	0	0	0	0	0	0	0	0	0	0	0	0	0	0	0	0	0	0	0	0	0	0	0	0	0	0	0	0	0	0
otu172	117	2116	52	4	254	1409	1275	22	27	84	46	240	693	50	519	359	244	55	518	458	574	1969	1368	291	2871	338	4	481	1359	499	472	960	68	30	491	653	235	1483	1515	1147	20	1299	758	5	3218	5	2647	160	129	909	307	2102	1175	744	282	145	345	0	1787	3	317	349	861	190	134	102	581	3	312	473	740	1216	793	418	440	94	136	1486	648	588	389	694	1278	600	513	413	2	345	109	297
otu173	0	3	1	0	21	34	3	0	0	0	60	11	532	2	8	0	56	12	97	72	2	32	0	0	0	4	1	1	2	28	238	249	9	227	21	283	12	57	0	74	0	4	21	0	3	0	81	1	0	0	89	5	157	0	140	496	191	0	118	5	272	0	9	2	547	86	39	0	17	94	15	72	31	3	15	1	45	74	112	18	226	5	100	507	100	21	0	0	15	22
otu174	1	240	3	9	19	3	0	1	0	3	4	6	2	19	6	3	6	1	15	166	16	120	29	0	1	16	106	6	11	68	5	1	2	5	0	30	1	14	172	15	0	1	40	0	38	0	150	2	3	1	225	1	511	6	25	1	29	0	46	0	163	116	0	40	2	3	36	0	9	2	447	110	1	2	28	0	31	19	140	154	133	12	8	2	20	0	0	271	2	16
otu175	7	943	117	0	5	29	3	14	45	33	10	4	0	39	74	8	0	1	463	345	412	63	70	0	0	30	0	9	126	1	6	0	5	1	25	66	146	27	120	551	1	228	29	36	217	0	126	11	5	175	43	8	445	20	34	0	22	0	65	3	29	104	11	0	4	5	66	0	5	18	228	302	2	119	8	0	243	0	273	157	95	40	24	9	12	256	0	0	69	114
otu176	1	0	0	68	0	6	0	24	0	0	2	3	0	1	0	1	5	0	1	3	0	0	2	0	2	0	0	4	2	6	10	0	0	9	0	0	0	10	2	1	56	5	1	0	1	2	3	0	7	0	2	0	0	0	0	0	0	10	0	5	0	0	0	0	0	0	2	5	0	0	0	3	0	2	7	0	7	0	1	10	0	1	0	0	0	2	1	2	0	0
otu177	276	1327	1042	942	204	551	754	1	1104	3	596	2	387	40	1260	256	393	2490	843	709	2	0	1332	496	2	120	2	935	682	295	800	114	2	2499	417	456	558	2751	774	428	4	3	1097	269	1	3	446	1	0	1	171	1	1	1354	3	1	117	2	50	128	217	2	2	1202	887	1	0	0	316	349	523	220	1135	3369	13	1066	86	600	3	2	381	1239	3	707	68	787	457	4	1	3
otu178	0	0	0	0	0	0	0	6	0	0	0	109	0	0	15	0	3	43	0	36	343	0	0	0	0	69	0	0	1	0	0	4	0	0	53	37	0	0	120	1	0	0	237	0	0	0	0	0	0	0	0	0	0	119	150	0	66	0	0	0	0	0	0	0	2	0	256	0	0	0	374	9	0	0	2	0	1	0	0	0	0	17	0	0	58	0	0	0	0	0
otu179	0	1	0	0	61	5	73	20	92	0	15	190	0	69	10	2	126	87	121	0	380	462	1	2	0	12	0	0	79	314	0	14	0	88	1	488	98	0	169	76	0	272	982	3	19	1	109	0	0	0	1102	9	977	287	142	0	27	0	24	1	806	100	0	10	0	30	22	0	89	88	61	53	27	7	5	255	853	0	0	588	73	7	96	484	54	490	0	0	65	1
otu180	0	0	0	0	0	0	0	0	0	0	0	0	0	0	0	0	0	340	1	1	2	0	0	1	0	0	0	0	0	1	0	1	0	0	0	1	1	0	0	1	0	0	1	0	0	0	575	0	0	0	2	0	78	2	0	0	0	0	0	0	0	1	0	0	0	0	0	0	0	1	0	0	0	0	0	0	1	0	0	3	0	0	0	0	0	1	0	0	0	0
otu181	21	236	223	754	39	33	23	3	193	1922	49	26	101	4	57	17	36	24	10	8	19	320	35	3	10	8	4288	65	1269	7	44	9	448	47	22	50	46	59	285	64	19	2	40	9	29	3144	8	854	132	341	4	297	33	53	261	197	37	549	50	82	69	7	97	195	718	12	19	91	52	38	54	0	8	33	13	4	39	41	51	645	25	111	115	28	374	1	28	484	2	11
otu182	330	0	0	0	0	0	37	0	0	0	0	0	0	0	0	0	0	0	0	0	0	0	0	0	0	0	0	0	1	0	0	0	0	0	0	0	0	0	0	0	21	0	0	0	0	0	0	0	0	0	0	0	0	0	0	0	0	0	0	0	0	0	0	0	0	0	0	0	0	0	0	0	0	0	0	0	0	0	0	0	0	0	0	0	0	0	0	0	0	0
otu183	0	0	0	0	0	0	0	0	0	0	0	0	0	0	0	20	0	0	13	62	0	0	0	0	0	4	0	0	0	0	0	0	0	0	0	33	26	0	0	0	0	0	0	0	0	0	0	0	0	0	0	0	0	0	226	35	0	0	0	0	0	0	0	85	0	0	0	0	0	21	27	0	0	0	1	0	0	0	0	0	1	178	0	11	0	0	0	0	0	0
otu184	0	0	0	0	0	0	0	0	0	52	0	0	0	0	0	0	0	33	55	0	22	0	0	0	0	0	0	0	0	0	0	0	0	0	0	0	54	0	0	0	0	0	0	0	0	0	0	0	0	0	0	0	0	0	0	0	0	0	0	0	0	0	0	0	0	0	0	0	0	0	0	0	0	109	0	2	0	0	0	29	28	0	0	0	0	0	0	0	0	0
otu185	9	0	2	8	29	0	2	2	0	196	0	0	1	10	1	4	0	18	0	0	0	0	0	94	1	0	52	1	3	0	60	1	28	8	116	0	0	2	0	27	3	36	0	0	4	1	3	379	0	4	0	0	3	14	0	0	5	3	1	0	1	1	3	72	0	1	2	0	1	0	198	4	0	1	2	0	497	568	0	0	1	0	0	1	0	8	0	393	0	0
otu186	4	0	1	0	3	0	0	0	0	51	0	0	0	0	0	0	0	4	0	0	0	0	0	26	0	0	13	0	1	0	11	0	26	0	34	0	0	0	0	4	0	5	0	0	1	1	0	80	0	0	0	0	0	5	0	0	0	0	12	0	0	0	0	19	0	0	0	0	0	0	42	0	0	0	0	0	102	165	0	0	0	0	0	0	0	0	1	85	0	0
otu187	0	0	0	0	0	0	0	0	0	0	0	0	0	0	0	0	0	0	0	0	0	0	0	42	0	0	2	0	0	0	0	0	0	0	0	0	0	0	0	0	0	0	0	0	0	0	0	390	0	0	0	0	0	0	10	0	0	0	0	0	0	0	0	0	0	0	0	0	0	0	0	0	0	0	0	0	1	0	0	0	0	0	0	0	0	0	0	1	0	0
otu188	0	0	0	806	1	1	0	63	1	0	0	1	0	33	2	1	0	0	1	3	1	3	0	0	3	0	7	4	0	0	6	1	7	0	0	0	0	5	0	1	1	0	0	0	0	4	12	0	0	0	1	2	17	0	0	0	1	0	8	0	1	0	12	5	0	5	0	10	2	0	0	4	0	0	172	0	0	6	3	9	10	6	8	1	1	2	0	14	3	1
otu189	0	0	0	0	0	0	0	0	0	2	0	0	0	0	5	0	0	0	0	0	0	0	0	0	0	0	0	0	0	0	0	0	0	0	0	0	0	54	0	0	0	0	0	0	0	0	1	0	75	0	0	0	0	0	0	0	0	0	0	0	0	0	0	0	0	0	0	0	0	0	0	0	0	0	0	0	0	0	0	0	0	0	0	0	0	0	0	0	0	0
otu190	0	2	1	260	0	11	18	69	10	3	3	0	0	14	1	10	0	1	0	16	0	2	1	1	3	0	5	4	1	0	7	1	1	20	1	0	2	1	0	0	67	29	2	0	3	4	12	1	5	0	0	11	9	6	1	0	0	0	22	5	1	0	6	9	0	3	8	1	3	0	0	6	0	1	12	1	0	8	10	14	0	3	14	3	0	2	0	18	1	0
otu191	1	0	0	0	0	0	0	0	0	0	0	0	0	0	0	0	0	0	0	0	0	0	0	0	0	0	0	0	0	0	1	0	0	0	0	1	0	0	0	0	95	0	0	0	0	0	0	1961	0	0	0	0	0	0	0	0	0	0	0	0	0	0	139	0	0	0	0	0	1	0	0	1	0	0	0	1	0	0	0	0	0	0	0	0	0	0	0	0	0	0
otu192	0	0	0	188	0	2	1	4	0	0	1	0	0	21	1	0	0	0	0	9	0	0	1	2	0	0	1	0	2	4	1	0	0	4	0	0	0	0	0	0	10	1	0	0	0	0	0	0	17	0	0	7	0	0	0	1	0	0	6	0	3	0	0	0	0	1	2	5	1	0	0	0	0	0	24	0	0	3	1	2	0	1	2	4	0	0	0	0	1	1
otu193	7	0	3	11	7	4	0	0	0	68	16	17	0	2	0	3	0	5	0	1	1	0	0	39	1	0	20	1	0	0	21	0	9	239	42	0	0	51	0	12	7	20	0	0	5	2	0	147	2	2	0	0	0	6	1	3	1	1	2	0	0	2	0	25	1	1	1	2	1	0	64	0	0	5	30	0	162	326	1	0	0	2	0	19	0	1	0	144	0	0
otu194	0	0	5	17	8	9	0	70	1	0	1	4	1	2	0	0	4	0	3	2	0	12	0	0	0	0	5	2	0	6	0	0	0	5	0	0	0	4	0	1	7	10	1	0	0	2	1	0	5	1	0	1	0	2	0	0	0	12	3	1	3	0	6	17	5	0	14	0	9	1	2	0	7	0	124	0	1	0	1	4	0	4	0	3	1	10	1	1	0	1
otu195	4	131	642	2888	263	242	30	1560	245	16	131	150	82	961	58	128	119	0	109	133	11	1034	24	7	93	11	324	50	37	156	79	32	27	774	9	0	2	301	23	45	1502	420	9	0	27	143	416	6	287	82	1	633	32	147	32	5	72	658	211	56	84	4	679	782	83	18	389	21	611	1	5	12	221	33	2802	52	69	184	76	206	30	106	19	124	82	805	43	150	22	60
otu196	0	0	0	126	0	0	5	2	0	2	3	1	0	0	0	1	0	0	0	0	0	0	0	0	1	0	1	3	0	6	0	0	0	5	0	0	0	1	0	1	19	2	0	0	0	0	0	0	0	0	0	0	4	0	2	0	0	0	0	0	1	0	0	2	0	0	2	0	0	3	0	0	0	0	0	0	0	0	1	2	0	0	1	1	0	1	0	1	0	1
otu197	0	0	2	843	0	4	0	3	0	0	0	0	1	0	101	51	147	12	3	9	0	0	0	0	0	11	0	111	0	58	47	2	0	0	0	0	0	0	0	62	0	0	16	6	0	0	90	0	0	0	13	0	0	12	0	0	9	0	1	0	0	23	0	0	0	1	40	0	0	7	3	132	0	10	4	6	0	0	0	77	35	12	5	12	54	1	0	0	1	0
otu198	0	0	0	0	0	0	0	0	0	0	0	0	0	0	0	0	0	0	83	0	0	0	0	0	0	0	0	0	0	0	0	0	0	0	0	0	0	0	0	0	0	0	0	0	0	0	0	0	0	0	0	0	0	0	0	0	0	0	0	0	0	0	0	0	0	0	0	0	0	0	0	0	0	0	0	0	0	0	0	0	0	0	0	0	0	0	0	0	0	0
otu199	0	0	0	0	0	0	0	0	0	0	8	0	0	0	0	0	2	0	0	0	4	0	0	0	0	0	0	0	0	2	0	0	0	0	7	0	0	0	0	0	0	0	0	0	0	0	5	0	0	0	0	0	0	0	0	68	0	0	5	0	0	0	0	0	0	0	0	0	0	0	0	0	0	0	0	0	0	0	3	0	0	0	0	0	0	0	0	0	0	0
otu200	50	22	1	1	36	221	0	1	27	199	110	4	18	10	1	1609	0	231	0	1	38	3	1	13	2	61	13	0	2	0	0	48	76	0	3	40	14	9	2	1	0	1	3	16	0	17	21	16	1212	12	1	13	8	39	263	3	32	0	2	5	1	222	20	0	0	21	631	0	6	0	30	60	0	0	10	0	0	0	0	0	24	28	43	65	263	154	4	1	1	1
otu201	8	64	5	29	1	29	0	338	10	0	4	1	0	0	2	66	372	0	5	27	0	1	7	5	8	0	0	521	4	7	79	11	0	0	1	3	1	64	3	9	7689	2	2	2	2	2	18	8	41	1	0	2	0	0	3	2	17	0	3	0	30	3	10	0	36	1	43	5	6	0	22	86	0	0	0	0	10	0	0	1	0	1	0	125	1	70	0	0	0	0
otu202	0	36	0	16	0	0	0	10	0	0	0	0	0	0	0	2	0	0	0	10	0	0	0	0	1	0	4	5	0	0	4	0	0	0	0	0	0	7	0	6	84	0	1	0	0	0	1	0	25	0	0	0	0	0	0	0	0	0	0	0	13	8	0	0	0	0	1	0	0	0	2	70	0	0	16	0	0	0	0	0	0	0	0	12	0	0	0	0	0	0
otu203	0	560	16	11	0	27	4	65	2	1	1	0	0	0	1	34	24	0	3	73	0	0	0	8	28	0	1	9	0	0	8	21	0	1	1	0	0	31	0	520	162	1	1	0	0	0	9	0	87	0	0	1	3	8	0	0	3	0	0	0	31	3	205	0	7	0	11	31	6	0	6	193	0	0	46	1	0	0	0	6	6	2	2	190	3	34	0	0	0	0
otu204	0	161	2	0	0	10	0	14	1	0	0	0	0	1	2	16	37	4	1	27	1	0	3	2	8	0	0	110	0	1	72	0	1	0	2	1	0	5	0	154	69	24	0	0	1	3	6	0	15	0	3	1	8	0	0	0	5	0	1	0	15	4	295	0	1	9	15	21	5	0	5	92	2	4	21	3	3	0	0	22	2	1	7	37	1	144	0	0	0	0
otu205	0	0	0	0	0	0	0	0	0	0	0	0	0	0	0	0	0	0	0	0	0	0	0	0	0	0	0	0	0	0	0	0	0	1471	0	0	0	0	0	0	0	0	0	1	0	0	0	0	0	0	0	0	0	0	1	0	0	0	0	0	0	0	0	0	0	0	0	0	0	0	0	0	0	0	0	0	0	0	0	0	0	0	0	0	0	0	1	0	0	0
otu206	0	0	0	31	0	0	0	3	0	0	0	0	0	0	1	0	0	0	0	0	0	0	0	0	0	0	1	0	0	0	0	0	0	0	0	0	0	0	0	0	70	0	1	0	0	0	1	0	0	0	0	0	0	0	0	0	0	0	0	0	0	0	0	3	0	0	0	0	0	0	13	0	0	1	5	0	0	0	0	0	0	0	0	0	0	0	0	0	0	0
otu207	146	79	288	331	24	11	46	11	24	3	12	21	146	11	10	2	1	4	9	71	9	149	12	23	25	13	232	5	28	11	11	34	609	12	42	1	60	59	10	26	1	42	2	110	37	66	14	2	0	54	27	6	11	8	96	35	19	8	67	62	12	15	1	59	10	159	5	0	152	2	5	33	15	14	52	22	13	7	24	41	30	17	49	12	67	74	349	318	19	197
otu208	9	1	5	1	6	0	0	1	7	27	1	0	4	0	0	1	14	0	1	2	2	0	6	0	0	3	46	1	19	5	0	0	14	2	1	6	1	1	3	10	0	3	3	4	1	3	1	0	2	7	12	6	0	4	1	0	64	2	3	0	34	0	1	0	1	5	4	0	0	0	4	46	0	0	0	0	5	2	0	6	12	0	0	1	1	20	0	4	0	0
otu209	0	0	0	0	0	0	0	0	0	0	0	0	0	0	0	0	0	1	0	0	0	0	0	921	0	6	0	0	0	0	0	0	0	0	0	0	0	0	0	0	0	0	0	0	0	0	0	0	0	0	0	0	0	0	0	0	5	0	0	0	0	7	0	0	0	0	0	0	29	4	0	0	0	0	0	0	0	0	0	0	0	0	0	0	0	0	0	0	0	0
otu210	0	0	0	0	2	0	0	0	0	0	0	0	0	0	0	0	0	2	0	0	0	0	0	0	0	0	0	0	0	0	0	0	0	0	0	1	5	0	0	6	0	0	0	0	0	0	16	0	0	0	0	0	0	0	1	0	0	0	0	0	0	1	0	0	0	0	77	0	0	0	0	0	2	0	0	0	0	0	0	0	0	34	0	0	0	0	0	0	2	0
otu211	0	0	0	0	0	0	0	0	0	0	0	0	0	0	0	0	0	0	0	0	69	0	0	0	0	0	0	0	0	0	0	0	0	0	0	0	0	0	0	0	0	0	0	0	0	0	0	0	0	0	0	0	0	0	0	0	0	0	0	0	0	0	0	0	0	0	0	0	0	0	0	0	0	0	0	0	0	0	0	0	0	0	0	0	0	0	0	0	0	0
otu212	3	74	38	190	10	1	23	17	48	70	11	12	11	215	15	25	10	0	1	35	10	30	21	16	34	2	26	17	30	17	4	54	31	11	21	5	1	21	9	4	24	10	0	1	3	10	46	44	66	60	4	73	137	6	26	3	0	15	38	148	2	4	18	24	0	18	6	19	4	2	10	7	4	94	1	3	138	19	3	3	15	2	39	15	128	10	3	35	1	11
otu213	0	0	0	0	0	0	0	0	0	0	0	0	0	0	9	0	0	13	72	0	0	0	0	0	0	0	0	0	0	0	8	0	0	0	0	0	42	0	0	0	0	0	0	0	0	0	0	0	0	0	0	0	0	0	0	0	0	0	0	0	0	0	0	0	0	0	0	0	0	0	0	0	0	0	0	0	0	0	0	0	0	0	0	0	0	0	0	0	0	0
otu214	0	0	0	0	0	0	0	0	0	0	0	0	0	0	0	0	0	0	442	0	0	0	0	0	0	150	0	0	0	0	0	0	0	0	0	1	0	0	0	0	0	0	0	0	0	0	0	0	0	0	0	0	0	0	0	0	0	0	222	0	0	0	0	0	0	0	0	0	0	0	0	0	0	0	0	0	0	0	0	0	0	0	0	0	0	1	0	0	0	0
otu215	0	1	0	0	0	20	2	6	0	0	74	0	0	0	4	0	1	16	64	9	0	0	0	0	0	0	0	3	0	119	0	60	0	0	0	25	0	0	36	0	0	0	37	0	0	0	81	0	0	0	0	0	0	32	0	0	51	0	0	0	0	67	0	0	0	0	206	0	0	59	53	0	12	2	0	2	0	0	0	0	60	59	0	0	0	0	1	0	0	0
otu216	0	0	2	0	0	0	0	0	1	0	0	0	0	0	2	0	1	11	0	24	0	0	1	0	0	127	0	0	0	0	0	0	0	0	0	6	0	0	0	0	0	0	0	0	0	0	0	0	0	0	0	0	0	56	0	0	4	0	0	0	0	0	0	0	0	0	0	1	0	0	0	0	0	0	0	1	0	0	0	1	0	711	0	0	0	1	0	0	0	0
otu217	15	1	15	0	10	3	6	0	6	0	5	37	42	26	4	0	10	17	31	5	14	3	0	0	3	9	0	5	0	23	17	9	0	1	7	18	4	9	5	21	0	14	21	25	0	0	21	0	0	0	38	0	0	12	22	1	9	0	0	19	164	10	0	0	0	29	26	0	46	4	7	4	6	0	0	47	6	1	0	10	23	9	5	11	3	49	58	0	0	29
otu218	0	0	59	0	11	7	0	0	0	314	15	72	1	0	0	84	0	0	0	0	6	1	0	0	0	0	0	0	0	0	0	3	0	70	0	0	9	0	0	0	0	0	1	0	6	0	0	0	0	0	0	0	20	0	0	0	0	0	46	0	0	4	0	0	0	1	14	0	12	16	0	81	82	0	0	0	28	0	0	0	0	0	53	0	0	51	0	0	12	0
otu219	231	0	277	8	306	146	0	0	2	0	0	1	45	530	0	5	60	110	55	0	0	0	1	4	0	182	0	51	0	3	2	0	0	0	13	0	370	0	0	159	1	69	0	4	3	0	4	0	0	0	141	0	0	2	5	0	99	1	0	1	0	0	0	0	2	531	0	0	0	762	2	41	2369	5	5	8	101	0	0	1	64	129	0	1	14	401	0	0	1	0
otu220	2	137	87	165	7	5	29	14	30	50	8	21	18	261	14	18	22	8	3	52	4	12	32	75	57	0	65	12	44	25	3	26	30	26	35	1	6	17	2	1	45	25	0	7	2	18	119	47	78	53	2	62	58	7	37	3	4	32	89	264	7	2	35	28	0	7	8	31	11	2	14	10	65	162	6	2	134	8	4	9	15	1	35	7	99	22	7	44	1	9
otu221	0	0	0	0	37	0	0	0	1	0	0	78	0	51	28	0	2	71	25	0	1	0	19	0	0	3	0	0	0	89	42	393	0	0	12	1	71	0	0	12	0	0	0	0	1	0	13	0	0	63	0	0	25	0	128	14	0	1	0	0	0	0	0	1	19	93	48	0	425	0	28	0	22	12	0	55	20	0	0	40	0	35	0	11	0	60	128	0	0	0
otu222	0	0	0	0	0	0	0	0	0	0	0	0	25	0	0	0	0	2	0	0	0	0	0	0	0	0	0	0	0	0	0	0	0	1	0	0	0	0	0	11	0	0	0	0	0	0	0	2	1	4	0	0	0	0	0	0	0	0	0	0	0	2	0	0	0	2	0	0	0	736	0	0	0	16	0	187	10	0	0	0	0	0	0	0	0	0	0	0	0	1
otu223	0	1	0	0	0	0	0	0	0	0	0	0	0	0	1	0	0	7	4	0	4	0	0	0	0	1	0	0	0	0	0	0	0	0	0	67	0	0	0	4	0	2	0	1	1	1	1	0	0	0	0	0	2	1	0	0	0	0	0	0	0	0	0	1	0	0	0	0	0	50	2	1	0	0	0	0	0	0	1	0	1	0	0	0	0	0	0	0	0	0
otu224	0	0	0	0	0	0	0	0	0	1	0	0	0	0	356	1	0	0	0	0	0	0	0	0	0	0	0	0	0	0	0	0	0	0	0	0	0	0	14	0	0	0	0	0	0	0	0	0	0	0	0	0	0	0	0	0	0	0	0	0	0	0	0	0	0	0	0	0	0	0	110	0	0	0	2	0	1	0	0	0	0	0	0	0	10	0	0	0	0	0
otu225	0	0	3	0	0	0	0	0	21	0	3	0	0	0	0	0	0	0	0	0	1	4	0	0	0	0	0	0	12	81	0	0	0	0	4	0	9	86	10	1	0	0	0	0	25	0	0	0	0	0	0	0	0	0	19	1	0	0	0	0	0	0	0	0	5	11	0	0	0	0	0	0	2	0	3	19	0	1	0	0	0	0	0	0	0	0	1	1	0	96
otu226	729	0	0	0	2	0	0	0	0	0	0	0	0	0	0	0	0	113	10	0	15	0	0	0	0	0	0	0	0	31	1	0	0	0	0	0	0	0	0	9	0	0	0	115	0	2	0	0	0	0	0	0	0	0	195	0	0	0	0	0	0	0	0	0	0	0	2	0	1	0	0	17	0	0	0	273	0	0	0	0	0	0	0	0	0	6	0	0	0	0
otu227	0	0	0	0	0	0	0	0	0	0	0	0	0	0	0	0	0	0	0	0	1	0	0	0	0	0	0	0	0	0	0	0	0	0	0	0	0	0	0	0	0	0	0	0	0	0	0	0	0	0	0	0	0	0	0	0	0	0	0	0	0	0	0	0	0	0	0	0	0	0	0	0	0	0	0	0	0	0	0	0	0	0	0	0	0	0	0	0	0	88
otu228	0	0	0	0	0	0	0	0	0	0	0	0	0	0	5	0	0	17	23	0	0	0	0	0	0	0	0	0	0	0	0	0	0	0	0	0	0	0	0	0	0	0	9	0	0	0	9	0	0	0	0	0	0	1	0	0	10	0	0	0	0	0	0	0	0	0	9	0	0	0	0	0	0	0	0	0	0	0	0	0	97	0	0	0	0	0	0	0	0	0
otu229	29	0	0	0	0	0	0	0	0	0	0	0	0	0	0	0	0	0	0	0	0	0	0	0	0	0	0	0	0	0	0	0	0	0	0	0	0	0	0	0	0	0	0	0	0	0	0	0	0	0	0	0	0	0	0	0	0	0	0	0	0	0	1	0	0	0	0	0	0	0	0	0	0	0	2	361	0	0	0	0	0	0	0	0	0	0	0	0	0	0
otu230	0	0	30	16	59	0	0	0	0	2	59	49	79	27	21	4	4	30	0	0	0	0	16	0	0	0	0	0	0	9	0	30	27	33	6	32	29	58	0	0	0	3	0	29	0	0	2	0	0	17	0	8	32	0	1	23	23	0	0	8	0	0	0	78	8	35	34	0	31	21	30	1	27	5	0	34	0	46	0	62	0	0	142	13	85	0	1	0	0	36
otu231	0	0	0	0	0	0	0	0	0	0	0	0	0	0	0	0	0	2	0	1	0	1	0	0	0	0	0	0	0	2	0	0	0	0	0	0	0	0	0	0	0	0	0	0	0	0	0	0	0	0	0	0	0	0	0	20	0	0	0	0	0	0	0	0	0	0	0	0	0	0	0	0	0	0	0	0	0	0	0	0	0	0	0	0	0	0	174	0	0	0
otu232	0	0	0	0	0	0	0	0	0	0	0	0	0	0	0	0	0	0	0	0	0	0	0	0	0	0	0	0	0	0	0	0	0	0	0	0	0	0	0	0	0	0	0	0	0	0	0	0	0	0	0	0	0	0	0	0	110	0	1	0	0	0	0	0	0	0	0	0	0	0	82	0	0	1	0	0	0	0	0	0	0	0	0	0	0	0	0	0	0	0
otu233	0	0	0	0	0	0	0	0	0	1	0	0	0	0	0	0	0	0	0	0	0	0	0	0	0	0	0	0	0	0	0	0	0	0	0	0	288	0	0	0	0	0	0	0	0	0	0	0	0	0	0	0	0	0	0	0	0	0	0	0	0	0	0	0	0	0	0	0	0	0	0	0	0	0	0	0	0	0	0	0	0	0	0	0	0	0	0	0	0	0
otu234	0	0	0	0	1	0	0	0	0	0	0	119	0	54	0	36	419	0	0	0	0	0	0	0	0	8	0	0	0	0	0	0	0	0	0	0	0	0	0	0	0	0	0	0	0	0	1	0	1	0	0	0	30	0	0	24	20	0	0	0	0	0	0	79	0	0	44	0	0	24	6	0	0	0	0	52	3	0	0	0	0	0	0	21	0	0	0	0	0	0
otu235	0	0	0	0	0	0	0	0	0	0	0	0	0	0	0	0	0	211	125	0	0	0	0	0	0	0	0	0	0	1	0	0	0	0	0	0	0	0	0	0	0	0	0	0	0	0	0	0	0	0	0	0	0	0	5	0	0	0	0	0	0	0	0	0	0	0	0	0	0	0	0	0	0	0	0	0	0	0	0	0	0	0	0	0	0	0	0	0	0	0
otu236	0	0	0	0	0	0	0	0	0	0	0	0	0	0	0	0	0	0	8	0	12	0	0	0	0	0	0	0	0	3	0	0	0	0	0	0	0	0	0	0	0	0	0	0	0	0	0	0	0	0	0	0	0	0	0	0	0	0	0	0	0	0	0	2	0	0	0	0	0	0	0	0	8	0	0	10	0	0	0	0	0	5	50	0	0	0	0	0	594	0
otu237	0	0	1	0	0	239	55	0	0	0	33	0	0	0	20	0	20	0	0	0	0	0	0	0	0	0	0	112	0	0	0	31	0	0	0	604	0	0	73	0	1	0	0	0	0	0	1	1	1	1	0	1	0	56	0	0	0	0	1	0	0	991	0	0	0	0	0	0	0	0	0	247	0	0	0	0	0	368	0	0	0	5	0	0	3	1	0	0	0	0
otu238	0	0	0	0	0	0	0	0	0	0	29	0	0	0	24	0	0	56	11	0	309	0	0	0	0	182	0	0	0	0	0	0	0	1	0	0	0	0	0	0	0	0	0	0	0	1	15	0	0	0	0	0	0	120	0	0	226	0	0	0	0	1	0	0	0	0	8	0	1	220	14	67	0	0	4	436	77	0	0	1	207	283	0	172	0	0	0	0	0	0
otu239	0	0	0	0	0	0	0	0	0	0	0	25	0	0	0	0	0	0	0	0	5	0	0	0	0	0	0	0	0	20	0	0	0	0	0	0	0	0	0	0	0	0	0	0	0	0	0	0	0	0	6	0	0	4	1	0	0	0	0	0	0	0	0	0	0	0	0	0	0	0	0	0	0	0	0	0	92	0	0	0	0	0	0	0	0	0	0	0	0	0
otu240	5	5	0	29	0	0	0	0	5	0	0	0	2	4	0	0	1	0	0	1	0	0	0	2	0	0	0	2	0	17	0	2	0	2	0	1	1	0	35	2	2	0	2	0	0	2	9	0	0	0	19	1	0	1	2	0	2	0	0	0	5	3	1	0	10	76	0	0	1	8	0	2	2	6	0	3	0	0	0	0	2	0	0	3	7	131	1	10	14	0
otu241	0	0	4	5	0	0	51	0	0	5	85	31	0	0	30	1	0	16	14	0	13	0	0	0	0	0	117	0	18	0	0	85	0	1	0	0	0	0	50	56	0	0	53	0	0	0	8	0	0	0	0	127	0	0	67	0	43	3	0	0	0	0	0	0	0	0	0	0	1	44	95	92	0	0	0	0	18	0	0	0	80	35	0	0	81	43	0	0	14	0
otu242	0	0	0	0	2	0	0	0	0	80	0	2	0	0	0	0	0	0	0	0	1	0	0	0	0	0	0	0	1	0	0	0	1	3	3	0	0	0	0	1	0	0	0	0	0	0	0	0	0	0	0	2	0	0	1	0	0	0	0	0	0	0	0	1	0	0	0	0	0	0	0	0	0	1	0	0	0	2	0	0	0	0	1	0	0	0	0	0	0	0
otu243	2	14	4	138	8	1	4	2	21	1	6	6	1	126	1	9	2	5	0	10	6	6	8	6	12	0	10	17	7	2	2	4	8	7	5	3	1	0	2	1	10	5	0	3	1	7	7	19	33	15	0	11	49	2	3	2	0	4	12	124	2	0	3	28	0	2	4	12	6	1	3	2	0	24	6	2	41	5	2	1	2	1	18	2	40	7	0	35	0	1
otu244	441	0	8	27	0	1	0	3	2	1	0	0	0	10	0	0	0	0	1	0	1	0	0	0	0	0	0	0	5	0	1	1	0	1	0	0	1	0	0	0	0	0	0	0	0	0	1	0	1	4	0	0	8	0	1	0	0	0	0	0	0	0	0	0	0	0	0	0	0	0	1	0	0	2	0	11	21	2	0	0	0	0	1	0	3	0	0	1	0	1
otu245	0	54	307	65	3	0	4	6	170	197	1	0	72	0	0	18	5	11	2	22	124	321	4	200	137	14	832	21	37	4	11	0	266	14	26	0	33	636	5	380	226	37	0	1	38	1520	3	656	240	101	33	284	3	373	19	43	14	394	71	6	1	20	85	158	4	0	0	792	6	0	4	12	0	0	12	1	68	86	138	8	0	13	31	0	6	43	1443	86	71	21
otu246	0	0	0	0	41	33	0	0	0	0	27	28	0	70	56	28	13	67	44	0	19	0	19	1	4	44	0	0	19	69	42	156	1	0	5	21	26	0	0	9	0	12	170	1	31	0	13	0	0	1	0	0	1	122	52	0	3	0	0	0	0	13	0	0	10	0	1	0	303	132	27	0	43	0	0	118	7	0	9	6	0	29	0	58	3	5	0	0	0	0
otu247	1	0	19	0	0	0	0	0	0	0	0	0	0	0	17	0	0	2	10	0	0	0	0	0	0	9	0	0	0	0	0	0	0	0	0	0	0	0	0	1	0	0	0	0	0	0	45	0	0	0	0	0	0	5	1	0	9	0	0	0	0	0	0	0	0	0	0	0	378	0	5	0	0	0	0	2	0	0	0	0	5	6	0	0	0	25	30	0	6	0
otu248	0	0	0	0	0	0	0	0	0	2	0	0	0	0	0	0	0	0	0	0	0	0	0	0	0	0	0	0	0	0	0	0	1	2	0	0	0	0	0	0	8	0	0	0	0	9	0	0	1	0	0	0	0	0	0	0	3520	0	0	1	0	0	0	2	0	0	0	0	0	0	0	0	0	0	0	0	0	0	0	0	0	0	0	0	0	0	0	0	0	0
otu249	0	0	0	0	0	0	2	0	0	0	0	0	0	0	0	0	0	0	3432	0	0	0	1	2	0	0	0	0	0	0	0	0	0	0	0	0	0	0	0	0	0	1	0	0	0	0	0	0	1	0	0	0	0	0	0	0	0	0	0	0	1	0	0	0	0	0	0	0	0	0	0	1	0	0	0	0	0	0	0	0	0	0	0	0	2	1	0	0	0	0
otu250	0	0	0	4	0	0	0	0	0	0	0	0	0	0	0	0	0	4	0	1	2	1	0	1	0	0	2	0	1	0	0	0	0	0	0	0	0	0	0	0	0	0	0	0	0	0	0	0	0	0	0	0	0	0	0	0	0	0	1	0	0	0	0	0	0	0	0	0	0	0	0	3659	0	0	0	0	0	0	1	0	0	0	1	0	3	1	1	0	0	0
otu251	64	25	4	3	27	6	1	67	12	5	18	2	2	4	32	0	0	5	1	3	5	10	8	5	3	37	2	2	11	0	19	16	2	3	17	0	24	104	7	9	0	5	13	11	16	0	5	0	0	52	16	15	0	2	21	5	1	62	68	15	2	0	0	38	13	13	4	0	10	0	2	12	98	0	56	3	19	2	40	8	0	1	6	13	5	136	0	2	18	6
otu252	0	16	5	93	3	1	17	0	2	24	2	5	5	70	1	6	6	0	0	4	1	1	12	5	1	0	14	12	12	1	2	2	11	3	4	1	1	4	1	0	4	4	0	2	0	1	14	7	0	7	0	14	24	1	19	2	0	1	4	29	5	1	3	4	0	2	1	2	0	0	5	3	0	35	1	1	21	1	0	3	3	1	12	5	9	3	0	9	2	7
otu253	9	4	0	0	2	6	0	0	0	0	38	22	399	87	1	7	1	5	0	6	23	21	2	25	0	16	2	2	7	31	0	7	188	5	26	25	4	20	4	16	0	9	19	38	90	4	4	0	0	3	12	0	2	3	38	20	22	0	58	5	11	9	0	9	15	92	2	3	26	12	9	42	23	0	1	19	7	8	8	0	1	16	5	1	7	78	43	6	430	38
otu254	6	0	0	0	0	0	0	0	0	0	0	0	0	0	0	0	0	2	0	0	7	0	0	0	0	2	0	0	0	2	0	0	0	0	0	0	6	0	0	0	0	1	0	215	0	0	0	0	0	0	0	0	0	2	3	0	3	0	0	0	0	0	0	0	0	0	0	0	0	1	0	0	0	0	0	11	0	0	0	0	1	3	0	0	0	6	0	0	0	0
otu255	0	0	0	0	0	0	0	0	0	0	0	0	0	0	0	0	0	0	0	0	0	0	0	0	0	0	0	0	0	0	0	0	0	0	0	0	0	0	0	0	0	0	0	0	0	0	0	0	0	0	0	0	0	0	0	0	0	0	0	0	1	0	0	0	0	0	0	0	0	0	0	1080	0	0	0	0	0	0	0	0	0	0	0	0	0	0	0	0	0	0
otu256	24	12	11	0	7	10	50	8	17	126	12	3	28	32	10	148	197	13	15	88	28	43	31	0	16	24	167	62	35	8	17	2	121	1	26	29	72	128	46	8	0	36	33	82	456	1	17	99	34	158	74	1	28	19	118	48	0	10	39	18	20	87	15	36	139	16	11	3	23	11	51	12	4	22	14	15	61	24	32	2	4	0	23	81	2	14	12	20	69	8
otu257	0	0	0	0	0	0	0	0	0	0	0	0	0	0	0	0	0	0	0	0	0	0	0	0	0	0	0	0	1	0	0	0	0	0	0	0	0	59	10	0	0	0	0	0	0	1	0	0	0	0	0	0	0	0	0	0	0	0	91	0	10	0	0	0	0	0	0	76	0	0	0	0	0	0	0	0	0	0	0	0	0	0	0	0	0	0	0	0	0	0
otu258	0	0	0	0	0	0	3	0	0	0	0	0	0	0	0	0	0	0	669	0	0	0	1	0	0	0	0	0	0	0	0	0	0	0	0	0	0	0	0	0	0	0	0	0	0	0	0	0	0	0	0	0	0	0	0	557	0	0	1	0	0	0	0	0	0	0	0	0	0	0	0	0	0	0	0	0	0	0	0	0	0	0	0	0	0	0	0	0	0	0
otu259	1	33	56	274	4	1	21	5	29	56	16	8	17	161	9	15	21	3	3	31	4	50	33	33	54	1	44	12	33	9	0	11	10	6	6	0	2	3	4	6	20	8	0	1	2	16	43	66	29	39	1	48	46	2	34	3	5	16	42	150	3	3	14	17	1	11	4	18	8	1	3	17	2	132	8	0	136	19	2	6	15	0	24	9	84	16	5	56	0	21
otu260	0	0	0	0	0	0	0	0	0	0	0	0	0	0	0	0	0	0	0	0	0	0	0	0	0	0	0	0	0	0	0	0	0	0	0	0	0	0	0	0	0	0	0	0	0	0	0	0	0	0	0	0	0	0	0	0	0	0	0	0	0	0	0	0	0	0	0	0	238	0	0	0	0	0	0	0	0	0	0	0	0	0	0	0	0	88	0	0	0	0
otu261	0	0	0	1	0	8	0	0	1	0	0	2	2	0	13	1	0	0	3	8	1	0	2	0	0	44	1	0	0	30	1	0	1	2	0	2	23	3	1	3	0	24	21	1	1	0	3	0	0	0	49	1	1	0	5	14	20	0	0	7	90	0	0	1	0	0	14	0	0	20	24	1	37	1	0	2	12	2	1	13	5	5	2	8	1	10	4	0	7	3
otu262	4	0	7	214	2091	2	0	300	0	0	0	3	0	3	0	112	2	0	0	1	1	0	0	1	0	802	4	0	1	875	3683	1	0	1	4601	0	1001	1	1	9	4	0	428	22	0	3	2	2	0	0	1	1	96	0	0	0	1	0	1	346	0	1561	1	0	0	0	0	0	0	0	0	1	0	1	1	1	835	1	0	3991	0	0	0	0	1	1	2054	7	0	1
otu263	0	9	0	0	73	25	23	27	105	1	3	11	36	48	0	9	0	0	5	18	0	0	0	7	1	2	26	2	266	3	0	24	7	11	15	0	2	10	3	24	0	25	1	0	52	0	1	0	0	28	3	11	0	0	28	0	1	0	0	6	2	4	0	6	0	58	6	0	10	7	1	1	3	0	9	5	0	3	3	0	16	0	0	0	1	16	8	0	25	6
otu264	0	0	0	0	0	0	0	0	0	0	0	0	0	0	0	0	0	0	0	0	0	0	0	0	0	0	0	0	0	0	0	0	0	0	0	0	14	0	0	0	0	0	0	0	0	0	0	0	0	0	0	0	0	0	0	0	0	0	0	0	0	0	0	0	0	0	0	0	0	0	0	1	0	0	0	234	0	0	0	0	0	0	0	0	0	0	0	0	0	0
otu265	0	0	0	0	0	0	0	0	188	0	0	0	0	0	0	0	0	0	1	0	51	0	0	0	1	0	0	0	50	0	0	0	0	0	0	0	0	0	0	0	0	0	0	0	0	0	11	0	0	0	0	0	23	0	0	0	0	0	2	0	0	0	0	0	0	0	0	0	0	0	0	0	0	0	0	0	0	0	29	0	0	0	0	0	0	0	0	0	0	0
otu266	1	0	0	0	0	0	0	0	0	0	2	1	0	0	0	0	0	0	32	0	163	0	0	0	0	0	0	0	1	0	0	2	0	0	0	1	2	0	0	0	0	292	1	0	2	0	0	0	1	0	0	0	0	0	103	0	0	0	0	0	1	0	0	0	1	1	22	0	0	4	0	0	0	0	0	45	65	0	0	0	0	1	0	1	0	0	1	1	0	0
otu267	0	40	71	29	0	73	44	0	1	10	3	42	6	16	0	5	10	0	2	17	10	16	6	10	79	0	1	0	5	15	39	20	58	17	0	4	0	46	17	10	10	48	0	2	30	11	7	42	1	16	0	7	0	0	70	62	0	14	29	16	62	20	12	10	11	39	0	90	0	1	25	26	88	16	1	43	13	0	51	24	84	1	28	27	14	21	31	55	65	36
otu268	13	45	69	23	0	28	6	3	0	0	5	8	7	0	69	16	38	63	40	3	0	0	9	0	146	39	7	40	2	450	88	19	0	29	36	27	8	10	36	12	98	50	132	8	54	0	19	23	1	0	0	10	38	16	81	0	39	0	2	0	17	13	3	1	22	0	65	16	16	37	49	124	43	0	19	31	184	1	0	23	32	140	3	586	17	394	0	31	0	85
otu269	0	0	0	0	0	0	0	0	1	0	0	0	0	0	0	0	0	0	1	17	0	0	0	0	0	0	0	0	0	0	0	0	0	11	0	0	0	0	0	0	0	0	0	0	0	0	0	0	0	0	2	0	0	0	0	0	0	0	139	8	0	0	0	11	0	0	0	0	0	0	0	0	0	0	0	0	0	0	0	0	0	0	0	0	0	5	0	0	0	0
otu270	1	27	8	0	17	8	0	0	0	0	8	0	3	3	0	0	52	11	13	18	30	13	0	0	4	27	0	0	0	3	3	3	0	26	84	138	1	1	2	2	0	6	45	0	0	0	7	0	0	0	129	2	11	18	7	0	18	0	4	0	200	9	0	0	3	2	3	1	1	32	79	31	39	0	1	1	1	0	30	2	57	39	34	6	1	26	27	42	59	0
otu271	19	0	0	1	0	0	0	8	1	6	0	1	50	0	0	0	4	0	1	15	2	1	1	0	0	2	1	0	1	4	1	5	97	1	51	4	12	0	7	8	0	6	5	25	12	0	1	0	0	4	7	9	1	2	3	5	5	0	0	0	0	0	0	6	16	24	5	0	0	10	10	12	12	9	1	8	5	5	7	15	1	0	3	1	0	86	0	51	19	16
otu272	1717	181	10	1	220	1180	1251	250	2	11	1666	1566	3	28	370	607	26	546	196	3	124	0	339	140	4	95	1	712	420	116	499	559	8	820	542	213	158	4	408	81	3	1556	231	42	18	0	62	2	0	881	22	0	127	931	1	5	82	0	320	30	91	45	0	2	85	132	358	1	114	221	387	185	260	111	21	611	5	267	426	183	774	198	51	83	343	0	0	5	72	301
otu273	216	10	0	2	1	0	1	2	4	13	1	1	5	3	0	0	1	1	0	2	0	0	1	8	1	0	2	2	1	3	2	1	5	6	0	0	1	3	0	1	0	6	0	2	0	3	6	8	1	11	1657	28	16	0	1	1	0	3	18	18	0	0	0	0	0	0	0	0	0	0	2	0	1	35	1	0	132	4	0	0	0	1	2	1	12	2	0	10	0	2
otu274	9	0	1	50	0	1	4	4	2	0	0	0	1	2	0	1	54	1	5	77	0	0	0	0	0	8	14	6	6	0	1	0	0	0	1	9	0	1	0	3	1	2	10	4	1	2	3	0	0	0	0	0	0	0	8	2	0	13	0	0	18	1	0	0	0	3	0	0	1	0	9	0	0	0	1	1	0	1	0	0	1	16	0	19	1	5	1	0	1	2
otu275	236	658	2091	31	160	233	659	692	2167	502	113	498	836	325	135	334	244	54	100	26	382	908	1236	33	40	90	0	112	625	257	206	324	1967	961	186	32	498	67	553	241	93	128	167	35	160	1231	442	2919	211	1613	2	278	473	496	886	97	133	476	1841	154	189	78	356	161	1785	550	363	18	570	171	148	80	319	1545	23	242	11	41	263	349	73	280	1663	255	556	257	65	1798	139	386
otu276	68	271	120	40	34	82	78	38	34	30	0	93	250	1	4	34	185	25	25	106	23	74	120	64	302	18	123	171	13	30	124	3	16	14	51	27	0	134	16	67	158	52	33	4	109	0	58	19	0	81	68	6	128	55	84	4	22	71	24	14	103	29	141	12	13	1	56	0	2	30	30	5	40	43	4	15	53	40	169	36	37	55	137	35	2	106	24	75	41	10
otu277	0	0	0	0	0	1	0	0	0	0	0	0	0	0	0	0	0	0	0	0	0	0	0	0	0	0	0	0	0	0	0	0	0	0	0	0	0	0	0	0	0	0	0	0	0	0	0	0	0	0	0	0	0	0	0	0	0	0	0	0	0	0	0	0	0	0	0	0	0	0	0	0	71	0	0	0	0	0	0	0	0	0	0	0	0	0	0	0	0	0
otu278	0	0	0	0	0	0	0	0	0	0	0	0	0	0	0	0	0	0	0	0	0	0	0	0	0	0	0	0	0	0	0	0	0	0	0	0	0	0	0	0	0	0	0	0	0	0	0	0	0	0	0	0	0	0	0	0	0	0	0	0	0	0	0	0	0	0	0	0	0	0	0	61	0	1	0	0	0	0	0	0	0	0	0	0	0	0	0	0	260	0
otu279	162	0	0	0	0	0	0	0	0	0	0	0	0	0	0	0	0	0	0	0	0	0	0	0	0	0	0	0	0	9	0	0	0	0	0	0	0	0	0	0	0	0	0	0	0	0	0	1	0	0	202	4	0	0	0	0	0	0	0	0	0	0	0	0	0	0	0	0	0	0	0	0	0	0	0	14	0	0	0	0	1	0	0	0	0	0	0	0	0	0
otu280	0	0	0	0	0	0	0	0	0	0	0	0	0	0	0	0	0	0	0	0	0	0	0	0	0	0	0	0	0	0	0	0	0	0	0	0	0	0	0	0	0	0	0	0	0	0	0	0	0	0	0	0	0	0	0	0	0	0	0	0	0	0	0	0	0	0	0	0	0	0	0	0	0	0	0	80	0	0	0	0	0	0	0	0	0	0	0	0	0	0
otu281	0	0	0	0	0	0	0	0	0	0	0	0	0	0	0	0	0	1	0	1	0	0	0	0	0	20	0	0	0	0	0	0	0	0	0	0	0	0	0	0	0	0	0	0	0	1	0	0	0	0	0	0	0	0	0	0	11	0	0	0	0	0	0	0	0	0	0	0	0	0	0	86	0	0	0	0	0	0	0	0	0	0	0	0	1	0	0	0	0	0
otu282	0	0	0	0	0	0	0	0	0	0	0	0	0	0	0	0	0	0	1	0	0	0	0	0	0	0	0	0	0	0	0	0	0	0	0	0	0	0	14	0	0	0	0	0	0	0	0	0	0	0	0	0	0	0	0	0	0	0	0	0	0	0	0	0	0	0	0	0	0	0	0	0	1	0	0	0	77	0	0	0	0	0	0	0	0	0	0	0	0	0
otu283	39	3	5	1	0	4	0	1	0	0	63	7	1	15	0	0	37	0	3	0	21	3	0	0	0	14	1	7	1	392	74	74	0	1	1	1	15	0	62	37	0	43	489	1	0	0	11	11	0	0	39	0	1	76	50	1	26	4	5	3	183	1	1	0	11	47	70	0	3	74	196	9	135	5	1	41	4	0	0	28	225	49	18	28	25	2	1	0	0	0
otu284	0	0	0	0	0	0	0	0	0	0	0	0	0	0	0	0	0	0	0	0	19	0	0	0	0	17	0	0	0	1	0	0	0	0	0	0	0	0	0	0	0	1	0	0	0	0	0	0	0	0	0	0	0	0	0	0	0	0	0	0	0	0	0	14	0	0	0	0	0	0	0	0	158	0	0	3	5	4	0	0	0	0	0	1	0	0	0	0	0	0
otu285	0	0	0	0	0	0	0	0	0	0	0	0	0	0	0	0	0	0	0	0	0	0	0	0	0	0	0	0	0	0	0	0	1	0	0	0	0	0	0	0	0	0	0	0	0	0	0	0	0	0	0	0	0	1	0	0	0	0	0	0	0	0	848	0	0	0	0	1	0	0	0	0	0	0	0	0	0	0	0	0	0	0	0	0	0	0	0	1	0	0
otu286	1	108	0	0	49	19	19	122	0	0	5	35	0	20	18	14	40	9	10	0	19	27	1	0	217	8	0	9	22	59	32	59	0	15	6	7	15	36	4	5	0	0	35	0	7	0	46	0	0	0	0	0	73	54	17	8	7	0	1	12	65	6	0	0	3	11	46	0	25	15	14	1	17	18	13	16	7	0	0	41	8	29	23	11	51	1	0	65	9	15
otu287	0	0	0	0	0	0	0	0	0	0	0	0	1	0	0	0	0	0	0	0	0	0	0	0	5	0	0	0	0	0	0	6	0	0	0	0	6	0	0	0	2	0	0	299	0	0	0	0	0	1	0	0	1	0	0	0	0	0	0	3	0	0	0	0	0	1	0	0	0	0	0	0	0	0	1	0	0	0	1	0	0	0	0	0	0	0	0	0	0	1
otu288	18	42	10	19	18	29	76	0	52	27	12	24	7	13	39	0	1	39	22	85	61	3	1	0	4	2	0	3	36	84	77	7	0	0	1	11	0	0	301	37	2	3	6	1	66	0	366	1	0	0	23	8	68	18	71	0	4	0	14	0	50	3	0	86	0	91	17	9	55	23	6	7	7	91	26	88	4	17	25	14	18	25	106	2	35	54	0	0	15	5
otu289	0	0	0	0	0	0	0	0	0	0	0	0	0	0	8	0	0	0	2	0	9	0	0	0	1	2	0	0	0	0	0	0	0	0	0	0	23	0	0	20	0	0	0	0	0	0	0	0	0	0	0	0	0	9	0	0	0	0	0	0	0	0	0	0	0	0	0	0	0	0	0	0	0	0	2	80	14	0	0	0	12	20	0	0	0	27	0	0	0	0
otu290	0	0	0	1	0	109	0	0	0	0	0	0	0	0	0	1	0	0	256	0	0	0	0	0	0	0	0	0	0	0	0	0	0	0	0	0	0	0	0	0	0	0	0	0	0	0	0	0	0	0	0	0	395	0	2	0	0	1	0	0	0	0	0	588	0	0	0	1	0	374	0	0	0	326	0	110	0	0	0	0	24	575	556	231	712	0	0	0	0	0
otu291	0	0	0	0	0	0	0	0	0	0	2	0	0	0	0	0	0	0	0	8	0	0	0	0	0	0	0	0	0	0	0	0	0	0	0	0	0	69	0	0	0	0	0	0	0	0	0	0	0	0	0	0	0	0	0	0	0	0	0	0	0	0	0	0	0	0	0	0	0	0	0	0	0	0	0	0	0	0	0	0	0	0	0	0	0	0	0	0	0	0
otu292	0	27	0	0	0	0	0	24	0	20	0	30	0	0	0	0	0	35	39	0	20	0	0	0	0	10	0	0	0	12	23	0	0	0	0	0	0	0	0	0	0	0	7	0	245	1	54	0	0	0	0	0	13	0	0	27	0	0	0	0	0	0	0	16	0	0	0	0	0	0	11	0	123	0	0	0	15	36	0	0	0	258	0	8	1	0	0	0	0	0
otu293	7	2	0	0	29	29	0	1	2	2	11	4	0	3	30	1	3	19	11	0	17	0	20	0	0	18	0	0	50	65	8	23	0	0	17	2	11	0	42	0	0	14	92	1	0	0	10	0	0	40	0	2	12	124	21	8	21	0	0	4	0	49	1	0	0	53	7	1	62	38	5	0	10	17	9	0	14	0	37	71	0	7	0	27	0	8	119	0	0	12
otu294	0	0	0	0	0	0	0	0	0	0	0	0	0	0	0	0	0	0	0	0	0	0	0	0	0	0	0	0	0	0	0	0	0	0	0	0	0	0	0	0	0	0	0	0	0	0	0	0	0	0	0	0	0	0	0	0	216	0	0	1	0	0	0	0	0	0	0	0	0	0	0	0	0	0	0	0	0	0	0	0	0	0	0	0	0	0	0	0	0	0
otu295	0	0	0	0	32	3	0	0	0	1	0	0	0	0	5	0	0	145	4	0	106	0	0	0	0	0	0	2	0	0	1	0	0	0	0	4	0	0	0	242	0	0	0	0	0	0	6	0	0	0	0	0	0	36	429	0	0	0	1	0	0	1	0	0	0	0	0	0	0	0	24	15	0	0	1	0	1	0	1	1	247	0	0	0	5	29	0	0	0	0
otu296	0	0	0	0	0	0	0	0	0	6	0	0	0	0	0	0	0	0	0	0	0	0	0	0	0	34	0	0	0	0	0	0	0	0	0	0	7	0	0	0	0	0	0	0	0	0	0	0	0	0	0	0	0	44	237	0	55	0	0	3	0	0	0	64	0	0	0	0	0	35	30	0	134	0	0	0	0	0	0	0	0	0	0	166	0	0	0	0	0	0
otu297	38	1	2	0	10	35	2	0	63	0	54	255	521	0	1	2	2	20	3	2	2	50	60	0	1	5	0	36	76	4	30	3	1	21	11	0	0	0	2	94	0	1	0	2	7	0	69	0	12	3	62	0	0	4	230	0	4	0	209	23	1	197	0	26	0	94	16	0	66	1	3	7	16	0	4	120	185	18	53	0	164	15	266	0	80	30	0	0	206	0
otu298	489	7	0	0	51	50	1	0	0	1	27	25	0	18	60	0	3	21	27	2	23	0	43	0	0	37	0	0	98	132	29	60	0	0	51	3	11	0	89	0	0	16	203	0	0	0	19	0	1	65	0	3	23	264	24	22	47	0	0	3	0	102	0	1	0	82	21	0	113	75	19	0	19	43	17	37	12	0	74	147	0	16	0	41	2	21	272	1	0	19
otu299	0	0	0	0	49	832	0	290	0	0	66	60	0	1	0	1	1974	927	653	0	450	6	0	0	0	148	1	0	1	4	134	109	1	1	0	1	2	0	2	3	0	0	1	13	0	0	238	0	0	0	0	0	0	0	432	0	192	0	1	131	0	400	0	1	0	1	642	1	10	3	1572	1268	100	1	9	11	80	0	1	1	790	530	0	0	0	2	0	0	1	0
otu300	0	0	0	0	0	0	0	0	0	0	0	0	0	2	0	0	0	22	0	0	0	441	0	0	0	0	0	0	0	0	1	0	1	0	0	0	0	0	0	0	0	0	0	42	0	0	0	0	0	0	0	0	2	0	1	0	0	1	0	4334	0	1330	0	0	0	0	0	0	0	0	0	0	0	0	1	0	0	0	0	0	0	0	0	0	0	0	0	0	0	0
otu301	0	0	0	1	0	0	0	0	0	8	0	0	0	11	0	0	0	0	0	0	0	2	0	0	0	0	0	0	0	0	0	0	0	0	0	0	0	0	0	0	6	0	0	0	0	0	0	2	0	0	0	0	8	0	0	0	0	0	5	0	0	2	0	0	0	5	0	0	0	2697	0	0	0	0	0	0	3	0	0	0	0	0	0	1	0	0	2	1	1	0
otu302	104	0	0	0	39	0	0	0	0	0	0	1	0	78	0	1	0	0	0	2	0	0	0	0	0	0	0	0	0	0	0	0	0	0	0	0	0	0	0	0	0	570	0	1	0	0	0	0	0	0	0	0	1	0	2	0	0	0	0	0	68	0	0	0	0	0	0	0	0	0	0	0	0	1	1	40	0	0	0	0	0	0	0	97	0	0	0	1	1	0
otu303	19	0	0	0	8	0	0	0	0	0	1	62	0	0	0	0	0	7	1	0	0	0	0	0	0	1	0	0	0	12	2	0	0	0	0	0	13	1	1	5	0	0	3	89	0	0	0	0	0	0	5	0	0	0	56	0	0	0	0	79	0	1	0	0	0	0	2	0	1	0	0	0	0	0	0	25	0	0	0	0	0	10	0	0	0	18	0	0	0	0
otu304	4	3	0	0	53	39	84	0	0	0	118	0	0	39	37	2	0	365	7	169	35	1	0	0	0	104	0	1	0	0	37	799	0	1	0	549	5	0	50	41	0	3	70	2	0	0	138	0	0	0	0	0	16	63	87	0	7	0	0	0	452	6	0	2	0	331	88	0	137	26	0	16	1	7	28	10	1	0	76	68	983	245	7	1	17	0	0	0	0	0
otu305	0	0	0	0	0	0	0	0	0	0	0	0	0	0	0	0	0	0	0	0	0	0	0	0	0	0	0	0	0	0	0	0	0	0	0	2	0	0	538	0	0	0	0	0	0	0	0	0	0	0	0	0	0	0	0	0	0	0	0	0	0	0	0	0	0	0	0	0	0	0	0	0	1129	0	0	1	0	0	0	0	0	0	0	0	0	0	0	0	0	0
otu306	0	0	0	2	1180	239	0	1	0	0	14	7	96	86	209	339	1096	0	1	0	1	9	0	0	0	0	0	0	0	6	0	141	0	18	4	10	5	0	4	0	0	0	1	0	0	0	0	0	0	0	10	0	0	52	16	0	16	0	0	0	0	1	0	0	0	14	27	0	0	29	0	0	0	9	0	33	9	0	0	35	259	7	0	0	2	0	0	2	0	0
otu307	0	518	714	1	0	75	180	0	0	23	259	1269	0	2	117	9	15	90	722	0	82	0	220	1	1	43	1292	171	153	11	0	349	0	1	0	53	63	0	238	143	1	331	167	0	0	0	51	0	0	0	0	587	0	113	303	0	134	0	0	0	241	1	0	777	0	0	388	1	3	182	339	458	176	1	4	619	85	1	0	0	430	1045	0	0	335	189	0	0	314	0
otu308	0	0	0	0	0	5	0	0	0	0	0	0	0	0	0	0	0	0	0	0	0	0	0	0	0	63	0	0	0	0	0	0	0	0	0	0	0	0	0	0	0	0	0	0	0	0	0	0	0	0	0	0	0	0	0	0	0	0	0	0	0	0	0	0	0	0	0	0	0	0	0	0	0	0	0	0	0	0	0	0	0	0	0	0	0	0	0	0	0	0
otu309	71	0	0	0	0	0	0	0	0	1	0	0	0	0	5	0	0	90	3	0	0	0	0	0	0	0	0	3	0	11	6	0	0	0	0	0	20	0	0	0	0	51	0	0	0	0	0	0	0	0	0	0	0	25	6	0	91	0	0	0	56	0	0	0	0	0	11	0	10	0	58	0	0	0	0	27	22	0	0	0	240	29	0	0	0	2	0	0	0	0
otu310	62	0	22	0	8	13	0	0	0	0	7	0	0	0	5	2	0	89	60	0	243	0	0	1	0	39	0	3	0	1	0	24	1	0	0	14	0	0	54	19	0	21	32	0	0	0	14	0	0	0	0	0	0	58	0	0	24	0	2	0	133	36	1	0	0	0	81	0	0	11	52	9	4	0	1	264	21	0	0	0	79	4	0	22	2	49	0	0	0	1
otu311	0	89	37	222	7	6	23	12	29	89	5	26	6	116	14	7	12	2	4	28	3	16	43	61	37	0	33	14	21	14	6	18	42	32	9	4	8	11	18	8	41	12	0	6	0	28	44	62	50	27	0	44	86	5	32	3	1	18	48	213	3	2	9	28	0	20	7	6	8	2	9	7	1	102	3	5	47	8	1	4	13	4	33	7	85	11	2	39	4	14
otu312	0	0	0	0	0	0	0	0	0	0	0	0	0	0	0	0	0	0	0	0	0	0	0	0	0	0	0	0	0	0	0	0	0	2	0	0	0	0	0	0	0	0	0	0	0	0	0	0	0	0	0	0	0	0	0	0	0	0	0	0	0	0	0	0	0	0	0	0	0	0	0	0	0	0	0	0	0	0	0	0	0	0	0	726	0	0	0	0	0	0
otu313	0	0	0	0	1	386	1	0	0	0	0	2	0	74	0	1	1	0	13	794	57	1	0	2	0	522	2	0	0	0	0	418	1	1	145	0	0	0	0	0	0	0	0	0	0	0	0	0	0	0	0	0	1	0	1	0	7	0	0	0	0	93	0	0	0	1	0	0	1	0	201	1035	0	1	3	0	0	0	0	0	335	1	1	0	2	787	0	0	0	1
otu314	77	0	0	0	0	0	0	0	0	0	0	0	0	0	0	0	0	57	82	0	1	0	21	0	1	0	0	0	11	0	1	0	0	0	0	0	0	0	0	0	0	0	0	0	0	0	0	0	0	0	0	0	0	0	0	0	0	0	0	0	0	0	0	0	0	0	0	0	0	32	0	0	0	0	0	0	0	0	0	0	0	0	78	0	0	0	0	0	0	0
otu315	0	0	0	0	0	0	0	0	0	0	0	0	0	0	0	0	0	0	0	0	0	0	0	0	0	0	0	0	0	0	2	0	0	0	0	0	0	0	0	0	0	0	0	0	0	0	0	0	0	0	0	0	0	0	0	1	0	0	0	0	0	0	0	0	0	0	0	0	0	0	427	0	0	0	4	0	0	0	0	0	0	0	0	0	0	0	0	0	0	0
otu316	97	0	0	0	0	0	0	0	0	0	0	0	0	0	0	0	0	0	0	0	0	0	0	0	0	0	0	0	0	0	0	0	0	0	0	0	0	0	0	0	0	0	0	0	0	0	0	0	0	0	0	0	0	0	0	0	0	0	0	0	0	0	0	0	0	0	0	0	0	0	0	0	0	0	0	0	0	0	0	0	0	0	0	0	0	0	0	0	0	0
otu317	0	0	0	0	0	0	0	0	0	0	0	0	0	0	0	0	0	0	0	0	0	0	0	0	0	0	0	0	0	0	0	0	0	0	0	0	0	0	0	0	1	0	0	305	0	1	0	0	0	0	0	0	0	0	0	0	0	0	0	0	0	0	0	0	0	0	0	0	0	0	0	0	0	0	0	0	0	0	0	0	0	0	0	0	0	0	0	0	0	11
otu318	1	25	4	0	0	6	1	1	0	1	1	0	101	0	30	0	80	15	165	248	9	116	0	1	0	68	1	304	0	16	2	30	0	0	0	17	0	0	40	20	0	0	6	0	0	4	196	1	0	14	1	0	672	375	617	0	20	0	6	0	18	0	202	0	0	3	26	0	4	1	4	158	0	1	0	4	0	0	0	0	54	2	4	0	507	0	0	0	61	16
otu319	280	0	1	1	0	0	0	1	1	0	0	0	67	171	0	1	0	0	0	118	0	61	0	3	0	0	0	0	1	2	0	0	0	41	0	0	0	103	10	0	0	0	0	31	0	0	0	0	0	38	155	0	0	0	0	79	0	1	243	111	0	0	0	0	26	218	0	0	0	0	0	0	0	1	80	0	0	14	119	0	0	0	0	41	4	0	0	0	0	252
otu320	1	0	0	0	35	0	0	0	0	0	45	12	0	0	0	0	0	0	34	0	0	0	0	0	0	5	0	0	0	2	0	0	0	0	0	0	17	0	0	0	0	22	0	5	0	0	0	0	0	0	0	0	0	4	9	0	7	0	0	0	0	0	0	0	0	0	2	0	3	28	0	0	0	0	0	22	1	0	0	0	90	22	0	0	0	0	0	0	0	0
otu321	0	0	0	0	0	0	0	0	0	0	0	0	0	0	12	0	0	0	1	0	0	0	0	0	0	0	0	0	0	72	0	0	0	0	0	0	0	0	0	28	0	69	1	0	309	0	0	0	0	0	0	0	0	0	0	0	0	0	0	0	0	0	0	0	0	0	0	0	42	0	109	0	0	0	2	18	1	0	1	0	825	0	0	0	0	0	0	0	0	0
otu322	52	954	2169	1584	823	165	488	36	1676	281	582	1661	831	5	38	2695	351	85	161	176	520	585	456	199	1289	17	3	515	806	608	246	528	350	863	136	15	522	1164	283	235	55	221	696	1	125	1125	837	138	993	662	33	2855	439	38	705	700	60	323	960	46	261	80	609	2494	113	918	654	841	238	191	98	114	332	460	566	295	720	749	546	1320	95	451	490	174	932	801	311	2627	305	58
otu323	101	0	26	0	58	0	0	0	0	0	66	13	0	0	0	0	0	15	15	15	1	0	0	0	0	1	0	0	0	142	0	3	0	0	0	0	20	0	4	46	0	9	0	0	0	0	5	0	0	0	4	0	0	0	174	0	6	0	0	0	10	5	0	0	0	5	1	0	9	6	0	0	2	0	0	27	1	0	0	0	0	7	0	0	0	15	0	0	0	0
otu324	2	2	0	2	11	2	2	0	6	0	0	3	10	0	0	0	2	1	2	158	0	1	0	4	1	1	17	0	13	8	0	0	53	0	2	0	2	22	4	0	0	4	2	5	6	0	2	0	0	11	0	15	0	0	85	4	5	0	16	150	0	3	0	2	7	3	1	9	4	0	6	2	0	0	38	0	2	0	0	6	6	0	0	3	80	7	0	0	35	27
otu325	0	0	0	0	0	0	0	0	12	0	0	0	0	0	0	0	0	0	2	0	0	0	0	0	0	0	0	0	0	0	0	0	0	0	0	0	0	1	0	1	0	7	84	0	0	0	0	0	0	0	0	0	1	0	0	0	0	0	0	0	0	0	0	3	0	0	0	0	0	13	0	0	0	0	0	0	0	0	0	0	0	0	0	0	0	0	0	6	0	0
otu326	0	0	0	0	0	0	2	0	0	0	0	14	6	0	0	0	0	0	0	3	0	0	0	0	1	0	0	0	0	6	0	0	0	0	15	0	0	0	0	0	0	0	1	0	0	0	0	0	0	0	0	0	4	0	2	0	0	5	92	0	0	0	0	0	0	20	0	0	16	0	0	0	0	0	0	0	0	2	0	0	0	0	0	0	0	1	0	0	0	0
otu327	0	0	0	0	0	0	0	0	1	0	0	0	0	0	0	0	0	1	7	0	0	0	0	0	0	0	0	0	1	1	0	0	0	0	0	0	5	0	0	9	0	0	2	0	0	0	0	1	0	0	68	0	2	0	0	0	0	0	0	0	0	0	0	0	0	0	0	0	0	6	0	2	3	0	0	0	26	0	0	57	1	0	0	0	0	30	0	0	0	0
otu328	0	0	0	0	0	0	0	0	0	0	0	0	0	0	0	0	0	0	0	0	0	0	0	0	0	0	0	0	1	98	0	0	0	0	0	0	0	0	0	0	0	0	0	0	0	0	0	0	0	0	0	0	0	0	0	0	0	0	0	0	0	0	0	0	0	0	0	0	0	0	0	0	0	0	0	0	0	0	0	0	0	0	0	0	0	0	0	0	0	0
otu329	0	0	0	0	0	0	0	0	0	0	0	0	0	0	0	0	0	0	0	0	0	0	0	0	0	0	0	0	0	0	0	0	0	0	0	0	0	0	0	0	0	259	0	0	0	0	0	0	0	0	0	0	1	0	0	0	0	0	0	0	0	0	0	0	0	0	0	0	0	0	0	0	0	0	0	0	0	0	0	0	0	0	0	0	0	0	0	0	0	0
otu330	0	0	0	0	1	0	0	0	0	1	0	0	0	0	0	0	0	2	2	0	0	0	0	0	0	1	0	0	0	4	0	0	0	0	0	0	0	0	0	0	0	0	10	8	4	0	0	0	0	0	0	0	0	0	0	0	0	0	0	0	0	1	0	0	3	0	0	0	4	7	133	0	7	0	2	1	0	0	0	0	0	0	0	0	0	0	0	0	0	0
otu331	1910	0	10	0	475	79	14	37	1	1	193	4	1	13	159	14	2	620	325	0	41	173	3	0	0	486	0	107	2	58	729	1642	3	118	0	68	124	0	28	102	0	648	222	381	0	0	20	2	0	1	116	6	2	384	399	0	145	1	45	105	214	0	0	0	146	120	104	0	401	464	249	297	356	3	7	1878	389	7	31	1089	667	315	68	35	25	1011	61	1	0	89
otu332	0	2	12	128	1	0	0	0	5	9	1	1	7	81	1	2	1	0	0	6	0	1	11	0	0	0	0	0	11	1	0	4	4	1	2	0	1	0	1	0	1	2	1	2	0	0	7	13	4	3	0	1	15	0	0	1	0	0	12	1	0	0	0	3	0	2	0	4	0	0	0	1	0	28	0	0	64	6	0	0	0	0	0	1	19	5	0	10	0	0
otu333	15	0	3	24	6	0	0	0	3	1	16	26	21	0	0	0	0	2	0	14	0	0	10	4	0	0	0	1	0	1	0	8	0	19	16	4	0	0	0	114	0	59	1	1	4	0	0	0	0	1	45	0	1	0	122	0	26	1	5	1	0	4	0	13	14	20	0	0	22	0	1	1	0	0	0	15	0	89	0	3	0	0	2	0	2	31	0	10	43	20
otu334	12	0	28	25	10	0	6	0	3	0	12	9	30	3	3	0	0	60	14	10	10	5	9	30	0	1	69	0	1	3	5	18	0	0	0	0	66	123	29	8	0	0	5	62	31	0	5	0	0	30	5	0	2	0	2	0	5	0	0	72	90	9	0	3	3	151	8	0	22	0	47	0	0	0	3	0	1	2	26	19	4	8	0	1	3	1	48	45	16	11
otu335	55	0	0	0	0	1	0	19	0	0	2	5	3	10	0	0	0	2	0	48	59	79	3	23	0	22	0	37	59	7	12	12	35	1	1	3	0	0	40	30	0	4	13	2	31	0	44	0	0	0	7	0	3	100	82	10	7	0	145	10	12	15	0	0	19	21	3	0	0	12	8	8	6	1	28	15	2	0	2	4	28	42	8	33	8	34	1	21	65	0
otu336	0	0	0	0	0	0	0	0	0	0	0	0	0	0	0	0	0	0	0	0	0	0	1	0	0	0	0	0	0	0	0	0	0	0	0	0	102	0	0	0	0	0	0	0	0	0	0	0	0	0	0	0	0	0	1	0	0	0	0	0	0	0	0	0	0	0	0	0	0	0	0	0	0	0	0	0	0	0	0	0	0	0	0	0	0	0	0	0	0	0
otu337	11	2	62	1	8	20	21	0	0	72	5	4	0	1	14	34	7	65	6	7	21	7	0	0	1	115	0	3	100	4	7	37	0	0	0	94	2	192	51	2	0	194	146	0	18	0	55	16	0	0	124	2	644	45	63	2	17	9	0	0	0	105	66	0	1	0	35	0	1	14	96	2	57	71	2	77	201	12	0	3	0	42	35	166	0	35	4	33	2	4
otu338	13	0	21	3	1	0	0	2	15	7	1	0	13	15	1	1	0	0	1	2	1	4	0	0	1	3	0	0	12	11	0	2	15	10	6	0	6	6	11	2	0	4	0	3	10	0	1	1	0	7	1	2	0	22	70	12	7	2	26	8	1	3	0	7	32	11	0	1	32	3	2	2	15	0	3	0	0	2	1	1	1	9	0	5	0	7	12	5	0	33
otu339	0	0	0	0	0	0	0	0	0	0	0	0	0	0	0	0	0	0	0	0	0	0	0	0	0	0	0	0	0	0	0	0	0	0	0	0	0	0	0	0	69	0	0	0	0	0	0	0	0	0	0	0	0	0	0	0	0	0	0	0	0	0	0	0	0	0	0	0	0	0	0	0	0	0	0	0	0	0	0	0	0	0	0	0	0	0	0	0	0	0
otu340	90	0	0	8	0	0	0	1	3	0	30	61	8	7	1	0	0	6	3	7	9	4	0	2	1	5	6	1	4	8	13	5	96	0	2	0	50	1	5	6	0	1	5	41	5	3	1	2	2	2	11	0	3	1	20	4	14	2	5	18	21	3	1	3	1	34	4	0	1	0	3	8	2	0	0	14	1	1	0	8	2	12	0	2	0	6	39	0	1	8
otu341	15	0	0	0	11	0	0	0	0	0	0	1	0	0	5	3	2	7	36	3	4	0	0	0	0	12	0	0	6	4	14	4	0	0	0	6	63	0	0	1	0	4	9	0	0	0	62	0	0	0	20	0	0	9	5	0	28	0	0	0	53	0	0	0	0	0	10	0	17	14	24	39	73	1	0	58	27	1	0	0	178	144	0	9	0	16	3	0	0	0
otu342	0	0	0	0	0	0	1	0	0	0	0	0	0	0	7	0	0	0	106	0	0	0	0	0	0	111	0	0	0	0	0	0	0	0	0	0	30	0	0	0	0	0	0	0	0	0	44	0	0	0	0	0	0	0	0	0	0	0	1	0	0	142	0	0	0	0	0	0	0	0	0	0	0	0	65	0	0	0	0	0	0	0	0	0	0	0	0	0	0	0
otu343	0	0	0	0	0	0	0	0	0	0	0	0	0	0	0	0	0	0	0	0	0	0	0	0	0	0	0	0	0	0	0	0	0	0	0	0	0	0	0	101	0	119	0	5	0	0	0	0	0	29	0	0	0	0	0	0	0	0	0	0	0	45	0	0	0	0	0	0	41	0	0	0	0	0	0	0	0	0	0	0	0	0	0	0	0	0	0	0	0	0
otu344	346	656	1070	3	1411	501	906	371	1	2325	575	1151	1035	498	516	457	380	71	104	1	432	1032	216	7	955	177	3	870	623	287	237	117	38	497	379	64	888	303	205	105	3	173	335	0	336	943	216	230	2	721	78	318	361	130	548	575	306	575	2	2	191	285	620	731	49	407	490	2	808	334	144	154	251	619	522	125	552	1031	426	864	218	716	663	131	547	1	0	5	243	274
otu345	0	12	0	0	3	0	0	0	8	0	0	2	0	0	0	3	0	0	0	0	0	3	0	0	0	1	0	0	22	1	0	1	0	0	0	0	0	0	3	0	0	65	0	0	1	0	0	0	0	0	0	0	4	0	1	0	2	0	0	0	2	0	0	0	0	8	0	0	5	2	0	0	0	0	0	1	0	0	0	0	0	2	0	2	0	5	0	0	0	0
otu346	0	0	0	0	0	0	0	0	0	0	0	6	0	0	0	0	0	0	0	0	0	0	0	0	0	0	0	0	0	0	0	0	0	0	0	0	0	0	0	0	0	0	0	0	0	0	0	0	0	0	0	0	0	0	0	0	0	0	0	0	0	0	0	0	0	0	0	0	0	0	0	0	0	0	0	0	0	0	0	153	0	0	0	0	0	0	0	0	0	0
otu347	0	1	2	1	0	0	1	1	0	0	0	0	0	0	0	0	0	0	1201	0	0	7	1	0	1	807	0	0	0	0	0	1254	0	0	0	7415	627	0	0	364	1	1228	1	0	0	0	3	0	13	2	0	0	1	0	0	0	0	0	0	0	0	0	0	0	0	0	0	0	3	251	0	0	1	1	0	0	2	0	0	0	0	0	0	0	0	0	0	0	2	0
otu348	0	0	0	0	0	0	0	0	0	0	0	0	0	0	0	0	0	0	0	0	0	0	0	0	0	0	0	0	0	0	0	0	0	0	0	0	0	0	0	0	0	0	0	0	0	0	0	0	0	0	0	0	0	0	0	0	0	0	0	0	0	1	0	0	0	0	100	0	0	0	0	0	1	0	0	0	0	0	0	0	0	0	0	0	0	0	0	0	0	0
otu349	0	0	0	0	0	1	0	0	0	0	0	0	0	0	1	0	0	362	60	0	8	0	0	0	0	0	0	0	0	0	3	0	0	0	0	0	74	0	0	0	0	0	0	0	0	0	2	0	0	0	0	0	0	0	176	0	0	0	0	0	0	0	0	0	0	0	4	0	0	8	0	0	0	0	1	194	0	0	0	0	111	12	0	0	0	16	0	0	0	0
otu350	2	0	0	0	0	0	0	0	0	0	2	0	0	0	0	0	0	181	5	0	12	0	0	0	0	0	0	0	0	12	3	2	0	0	0	0	1	0	0	6	0	3	7	0	0	0	0	0	0	0	0	0	0	1	118	0	3	0	0	0	0	19	0	0	0	17	11	0	38	7	6	0	0	0	0	34	4	1	0	0	191	24	0	0	0	0	0	0	0	0
otu351	0	0	0	0	0	0	0	0	0	0	0	0	0	0	0	0	0	0	0	0	0	0	0	0	0	0	0	0	0	0	0	0	0	0	0	0	0	0	0	0	0	0	0	0	0	0	0	0	0	0	0	0	0	0	0	0	0	0	0	0	0	0	0	0	0	0	0	0	0	163	0	0	0	0	0	0	0	0	0	0	0	0	0	0	0	0	0	0	0	0
otu352	10	0	0	0	0	0	0	0	0	0	0	0	0	0	0	0	0	0	1	0	32	0	0	0	0	3	0	0	0	0	6	0	0	0	0	0	3	0	0	4	0	0	0	1	0	0	1	0	0	0	0	0	0	1	9	0	5	0	0	0	0	0	0	0	0	0	2	0	0	0	0	0	0	0	0	0	6	0	0	0	27	0	0	0	0	76	0	0	0	0
otu353	23	2	7	22	77	3	0	1	0	62	0	43	11	0	9	20	0	42	16	13	19	0	1	17	3	4	1	0	76	0	2	5	0	22	69	10	9	34	61	30	0	8	24	32	14	0	14	1	0	74	40	1	4	60	32	10	4	2	0	1	1	15	0	61	0	68	4	0	17	36	31	14	23	6	5	1	0	2	0	0	1	34	15	4	4	31	1	69	15	36
otu354	0	0	0	0	0	0	0	0	0	1	0	2	0	0	0	0	0	0	0	0	0	0	0	0	0	0	118	0	12	0	0	0	0	0	0	0	0	0	0	0	0	0	0	0	0	0	5	0	0	0	0	0	0	0	0	0	0	0	0	0	0	0	0	0	0	0	0	0	0	0	0	0	0	0	0	0	0	0	0	0	0	0	0	0	0	0	0	0	7	0
otu355	0	0	0	0	0	172	0	0	0	0	0	0	0	1	3	0	0	9	0	0	0	0	0	0	0	0	0	0	0	0	0	0	0	0	0	0	0	0	0	0	0	0	0	0	0	0	0	0	0	0	0	0	0	0	0	0	0	0	0	0	151	265	0	0	0	0	0	0	0	0	40	0	0	0	3	0	0	0	0	0	136	0	0	0	0	0	0	0	0	0
otu356	312	0	0	0	0	246	2	7	0	0	0	5	0	0	75	1	13	328	170	0	0	0	0	0	0	62	0	0	0	14	68	231	3	0	0	124	0	0	5	0	0	30	3	0	0	0	22	0	1	1	0	0	7	0	60	0	0	0	0	1	0	101	1	0	0	1	210	0	97	26	150	0	98	0	2	60	0	0	0	637	2	16	0	0	9	50	0	0	0	0
otu357	0	0	0	0	0	0	0	0	0	0	0	0	0	0	0	0	0	0	0	0	0	0	0	0	0	0	0	0	0	0	0	0	0	0	0	0	0	0	0	0	0	0	0	0	0	0	0	0	0	0	0	0	0	0	0	0	0	0	0	0	0	0	0	0	0	0	0	0	0	0	0	0	0	0	0	45	0	0	0	0	0	0	0	0	0	150	0	0	0	0
otu358	0	0	0	0	0	0	0	0	0	0	0	0	0	0	2	0	0	1	0	0	6	0	0	0	0	0	0	0	0	0	0	0	0	0	0	0	0	0	0	0	0	0	0	0	0	0	0	0	0	0	0	0	0	0	0	0	0	0	0	0	0	0	0	0	0	0	0	0	90	0	0	0	0	0	0	0	0	0	0	0	0	16	0	0	0	0	0	0	0	0
otu359	0	0	0	0	197	0	0	0	0	0	0	0	0	0	36	0	0	0	0	0	0	0	0	0	0	0	0	0	0	0	0	0	0	2	0	0	0	0	0	0	0	0	0	0	0	0	0	0	0	0	0	0	0	0	0	0	0	0	0	0	0	0	0	0	0	0	0	0	0	0	0	0	0	0	0	0	1	0	0	0	0	0	0	0	1	0	0	0	0	0
otu360	8	8	6	7	6	5	0	0	0	0	0	11	1	30	22	5	1	1	53	47	2	10	5	0	3	8	5	2	3	78	48	2	1	1	1	51	24	3	1	1	1	88	36	0	3	1	3	0	1	0	0	1	108	20	45	0	10	1	2	0	38	11	1	1	5	0	1	0	4	41	37	448	2	3	0	9	0	20	1	118	9	14	3	12	16	79	1	0	2	0
otu361	59	193	321	1	207	222	0	475	0	29	157	377	0	77	183	1	174	113	51	234	145	0	114	1	0	1	0	23	307	0	151	10	0	58	1	3	137	0	262	126	0	83	27	0	119	1	70	246	0	145	0	1	119	266	2	1	58	0	0	0	130	53	165	0	1	49	121	0	339	40	105	31	199	221	6	243	84	421	0	220	2	712	193	48	67	245	0	0	0	0
otu362	72	94	161	84	100	65	9	117	38	22	20	82	1	75	48	59	47	52	22	126	73	46	450	2	337	36	0	157	69	254	58	19	0	390	94	114	37	118	70	43	0	139	66	0	25	130	147	1	0	31	247	133	122	55	24	76	21	6	0	7	408	70	0	90	21	11	137	0	1	24	36	181	22	102	36	15	234	152	242	103	45	3	97	49	39	176	7	119	1	1
otu363	8	0	2	0	0	2	0	0	0	0	22	0	0	2	17	0	0	2	0	0	1	0	0	0	0	11	0	0	0	9	3	60	0	0	0	40	13	0	0	7	0	8	17	0	0	0	0	0	0	0	3	0	0	2	0	0	21	0	0	0	0	0	0	0	0	12	3	0	3	15	0	7	0	0	0	30	2	0	0	99	3	2	0	0	1	3	0	0	0	0
otu364	40	10	26	0	54	15	116	34	30	11	30	41	33	40	31	29	2	38	13	113	38	182	71	1	138	9	48	81	15	20	30	111	1	17	12	3	16	0	4	22	0	10	32	7	3	0	29	0	0	10	4	0	18	44	35	0	7	0	1	58	11	7	0	0	6	37	6	0	38	5	42	13	38	33	5	29	43	24	34	41	42	25	54	9	29	24	0	0	28	18
otu365	0	0	0	0	66	0	0	3	29	0	0	9	0	0	0	0	1	0	20	17	16	0	0	0	83	0	0	0	29	0	0	0	0	0	0	0	0	0	0	0	0	0	10	0	0	0	0	7	0	2	0	0	0	0	0	0	0	0	11	0	0	16	0	0	0	0	0	6	0	0	0	0	0	5	0	3	0	0	0	0	0	0	27	0	0	0	0	0	0	0
otu366	5	0	0	0	4	0	0	0	0	0	5	0	0	0	0	0	0	12	3	0	0	0	0	0	0	0	0	0	0	5	0	0	0	0	0	0	3	0	0	0	0	0	12	4	0	0	0	0	0	0	0	0	0	0	0	0	0	0	0	0	0	0	0	0	0	0	0	0	0	0	1	0	0	0	0	25	0	0	0	0	120	0	0	0	0	0	0	1	0	0
otu367	0	0	0	0	0	0	0	0	0	0	0	0	0	0	0	0	0	0	79	0	0	0	0	0	0	0	0	0	0	0	0	0	0	0	0	0	0	0	0	0	0	0	0	0	0	0	0	0	0	0	0	0	0	0	0	0	0	0	0	0	0	0	0	0	0	0	0	0	0	0	0	0	0	0	0	0	0	0	0	0	0	0	0	0	0	0	0	0	0	0
otu368	0	0	1	0	2	0	0	0	0	0	6	95	0	0	63	0	98	91	85	153	39	0	0	0	0	43	0	0	39	173	167	22	1	62	110	40	127	0	0	0	0	144	0	14	0	0	22	1	3	0	0	0	134	92	25	0	42	0	0	11	0	50	0	148	0	1	111	0	8	54	99	24	165	3	5	38	106	0	0	236	134	89	93	53	19	14	0	0	0	47
otu369	0	0	0	0	0	0	0	0	0	0	0	0	0	0	0	0	0	0	0	0	0	0	0	0	0	0	0	0	0	0	0	0	0	0	0	0	0	0	0	0	0	0	0	0	0	0	0	0	0	0	0	0	0	88	0	0	0	0	0	0	0	0	0	0	0	0	0	0	0	0	18	0	0	0	0	0	0	0	0	0	0	0	0	0	0	0	0	0	0	0
otu370	0	0	0	0	0	1	2	1	1	0	1	8	0	2	0	1	4	8	0	0	7	13	0	0	0	1	0	0	1	6	0	2	0	2	0	28	2	0	11	2	1	10	104	0	1	0	1	0	0	0	23	0	0	6	5	0	3	0	1	0	44	7	0	0	0	1	0	0	1	1	4	0	2	0	0	10	4	0	0	4	0	0	3	12	3	1	0	0	1	0
otu371	0	0	0	0	0	0	0	0	0	0	0	0	0	0	0	0	1	0	1	0	0	0	0	0	0	0	0	0	0	0	0	0	0	0	0	0	0	0	0	0	0	0	0	0	0	0	399	0	0	0	0	0	0	0	0	0	0	0	0	0	0	0	0	0	0	0	0	0	0	0	0	36	0	0	0	12	0	0	0	0	0	15	0	0	0	0	0	0	0	0
otu372	3	56	49	320	16	4	41	9	74	105	15	24	17	157	16	43	31	5	1	51	9	26	45	51	36	0	57	22	64	19	3	26	50	77	38	4	2	22	11	9	84	16	1	3	4	31	91	69	106	52	0	45	96	10	67	6	1	24	39	217	4	6	19	60	0	31	2	14	4	1	19	12	3	108	8	3	123	29	2	11	13	2	75	21	81	12	4	114	6	22
otu373	5	0	0	0	4	0	0	0	0	0	0	66	0	0	5	0	0	9	5	0	0	0	0	0	0	0	0	0	0	21	11	0	0	0	0	0	0	0	0	12	0	0	0	21	0	0	0	0	0	0	0	0	0	4	3	0	1	0	0	0	0	1	0	0	0	0	23	0	0	0	0	0	0	0	0	0	14	0	0	0	23	0	0	0	3	0	0	0	0	0
otu374	0	0	0	0	0	0	0	0	0	0	0	0	0	0	0	0	0	0	0	0	222	0	0	0	0	0	0	0	0	0	0	0	0	0	0	0	0	0	0	0	0	0	0	0	0	0	0	0	0	0	0	0	0	0	0	0	0	0	0	0	0	1	0	0	0	0	0	0	0	0	0	0	0	0	0	0	0	0	0	0	0	0	0	0	0	0	0	0	0	0
otu375	16	1	0	0	30	16	0	0	0	0	14	0	0	0	0	0	1	100	0	9	19	0	0	0	24	10	0	0	20	0	0	5	0	46	0	0	0	0	59	0	1	0	0	7	0	0	0	0	1	109	23	12	0	0	0	0	0	0	6	0	9	3	0	0	0	0	0	0	0	15	0	0	0	0	0	0	0	0	0	0	88	6	0	0	0	0	0	1	0	0
otu376	0	0	0	0	0	0	0	0	0	0	0	0	0	0	0	0	0	0	0	0	0	0	0	0	0	0	0	0	0	0	0	0	0	0	0	0	0	0	0	0	0	0	0	0	0	0	0	0	0	0	0	0	0	0	0	0	0	0	0	0	0	528	0	0	0	35	0	0	0	0	0	6	0	0	0	2	0	0	0	0	0	0	0	0	0	0	0	0	0	0
otu377	0	0	0	0	1	0	0	0	0	0	55	8	0	0	1	0	0	131	11	0	9	7	0	0	0	0	0	0	0	0	0	0	0	0	0	3	5	0	1	18	0	0	0	0	0	0	12	0	0	0	0	0	0	1	9	0	5	0	0	0	80	0	0	0	0	0	3	0	0	0	0	0	0	0	1	1	0	1	0	0	102	50	0	12	0	0	0	0	0	0
otu378	40	13	16	0	8	0	0	20	7	0	2	6	0	0	2	1	5	13	2	52	5	17	0	0	33	16	0	0	6	0	15	4	0	12	1	6	1	0	7	1	0	11	7	1	8	0	8	0	0	0	13	0	0	3	18	0	1	0	0	0	0	12	0	0	6	3	16	0	1	1	18	113	5	1	0	17	12	26	0	28	6	10	16	13	15	16	0	0	9	0
otu379	58	463	6	0	76	144	137	3	35	5	33	15	12	3	106	18	1	34	45	22	10	379	311	0	43	38	0	164	128	78	78	8	0	8	269	24	11	0	95	47	0	33	50	2	86	0	110	10	4	292	92	0	155	138	39	6	7	30	14	6	68	78	33	0	42	9	113	1	14	30	136	153	40	261	54	10	48	247	18	50	75	22	309	114	234	652	5	139	27	11
otu380	0	0	0	7	0	0	0	0	0	4	0	0	4	0	0	0	1	0	2	0	0	4	0	0	1	0	2	0	0	0	0	0	0	2	0	0	320	0	0	0	2	0	0	0	2	3	0	3	0	0	0	1	0	1	0	0	1	0	0	0	0	0	1	0	0	0	0	4	0	0	1	2	0	1	3	0	0	0	0	0	1	0	9	0	20	0	0	0	0	2
otu381	22	25	32	2	15	4	1	2	0	0	15	33	102	0	3	0	1	6	4	28	14	2	0	0	43	2	0	6	1	13	15	64	0	2	6	0	52	0	4	10	0	44	10	21	43	0	5	0	0	3	6	0	0	8	39	5	15	0	0	18	16	4	0	1	4	73	10	0	93	20	5	8	8	0	0	8	7	0	0	30	70	13	0	16	8	29	21	0	59	140
otu382	0	0	0	0	0	0	0	0	0	0	0	46	0	0	0	0	0	0	0	0	0	0	0	0	0	0	0	0	0	0	0	0	0	0	0	0	9	0	0	0	0	0	0	0	0	0	0	0	0	0	0	0	0	0	69	0	0	0	0	0	0	0	0	0	0	0	0	0	0	0	0	0	0	0	0	1	0	0	0	0	0	0	0	0	0	0	0	0	0	0
otu383	9	0	9	263	1	0	0	14	0	0	4	3	143	8	0	13	4	0	1	5	0	10	16	0	0	0	0	10	18	4	0	23	77	13	35	0	3	2	0	9	0	7	6	154	3	0	0	1	26	54	1	81	0	0	6	0	4	0	0	67	31	1	1	13	3	17	1	0	31	0	0	6	0	0	0	0	1	0	4	6	0	14	0	0	0	4	35	100	7	30
otu384	0	0	0	0	0	0	0	0	0	0	0	0	0	0	0	0	0	0	0	0	0	0	0	0	0	0	0	0	0	0	0	0	0	0	0	0	0	0	0	0	0	0	0	0	0	0	0	0	0	0	0	0	195	0	0	0	0	0	0	0	0	0	0	0	0	0	0	0	0	0	0	0	0	0	0	0	0	0	0	0	0	0	0	0	0	0	0	0	0	0
otu385	0	0	0	0	0	0	0	0	0	0	0	246	0	1082	0	3	0	0	0	0	0	0	0	4	0	0	0	0	0	0	0	0	0	0	0	0	0	0	0	0	0	3	0	0	0	0	0	0	0	0	0	0	0	0	0	89	0	0	0	0	0	0	0	0	0	0	19	0	0	0	0	0	0	0	0	0	0	0	0	0	0	0	0	0	0	0	0	0	0	0
otu386	0	0	0	0	0	0	0	0	0	0	0	0	0	0	0	0	0	6	7	0	0	0	0	0	0	0	0	0	0	0	0	0	0	0	0	0	0	0	0	0	0	0	0	0	0	0	0	0	0	0	0	0	0	0	0	0	0	0	0	0	0	0	0	0	0	0	0	0	0	0	128	0	0	0	0	0	0	0	0	0	0	0	0	0	0	0	0	0	0	0
otu387	17	0	0	0	0	0	0	1	0	0	0	0	79	0	6	0	0	30	0	0	0	0	0	0	0	0	0	0	4	0	1	2	0	1	10	0	0	0	0	0	0	0	0	0	0	0	0	0	0	0	0	0	0	0	0	0	50	0	0	0	0	0	0	0	0	0	0	0	20	0	0	0	0	0	0	0	0	0	0	0	0	3	0	0	0	0	0	0	0	0
otu388	4	67	0	0	0	1	0	0	0	0	0	0	0	0	0	0	42	0	1	6	0	0	3	0	2	1	0	0	0	0	1	0	0	0	1	0	0	0	0	2	0	0	0	1	0	0	0	0	0	0	0	0	0	1	3	0	2	0	3	0	23	0	0	0	0	2	0	1	3	0	0	0	0	0	0	1	1	0	0	0	1	1	0	4	0	1	4	0	0	0
otu389	5	29	18	323	2	2	15	11	18	52	6	9	13	194	6	14	10	0	2	17	1	16	28	42	46	0	23	17	40	12	3	22	18	10	17	4	5	9	7	1	21	2	1	3	5	18	31	34	61	43	3	35	58	1	22	5	1	8	15	243	0	1	3	20	0	14	4	13	6	0	6	11	0	108	13	5	88	9	1	6	6	1	13	9	67	11	2	43	6	8
otu390	4	0	1	0	6	2	0	0	34	0	14	87	55	0	3	0	0	5	6	3	10	50	0	0	20	5	0	0	11	1	4	35	0	0	8	3	4	14	17	19	0	5	2	0	14	1	4	1	0	1	0	0	8	6	198	13	4	0	22	175	3	14	0	6	11	22	2	0	8	14	11	8	15	0	8	2	2	4	16	0	19	12	0	2	6	22	9	0	18	0
otu391	0	0	0	0	0	0	0	0	0	0	8	0	0	10	11	0	0	18	6	0	6	0	0	3	0	1	0	0	0	2	19	0	0	9	0	8	0	0	0	9	0	23	0	0	0	0	15	0	0	0	0	0	0	0	0	0	0	0	0	0	0	1	0	0	0	0	0	0	0	0	0	0	0	0	0	63	0	0	0	0	0	0	0	0	4	0	0	0	0	0
otu392	11	0	428	0	77	1	0	0	0	0	0	1	0	1	541	1	0	14	97	0	897	0	0	0	0	46	0	0	1	1	218	0	0	0	0	32	0	0	0	0	0	1	2	1	0	3	77	1	0	0	195	1	0	0	90	0	221	1	0	0	0	0	0	0	0	0	1523	0	57	1	35	195	0	0	0	22	15	0	0	0	161	131	1	0	6	9	0	0	0	0
otu393	0	0	0	0	0	0	0	0	0	0	0	0	0	0	0	0	70	0	0	0	0	0	0	0	0	0	0	0	0	0	0	0	0	0	0	0	0	0	0	0	0	0	0	0	0	0	0	0	0	0	0	0	0	0	0	0	0	0	0	0	0	0	0	0	0	0	0	0	0	0	0	0	0	0	0	0	0	0	0	0	0	0	0	0	0	0	0	0	0	0
otu394	0	0	0	0	0	0	0	0	0	0	0	0	0	0	0	184	0	0	0	0	0	0	0	0	0	0	0	0	0	0	0	0	0	0	0	0	0	0	0	0	0	0	0	0	0	1	0	0	0	0	0	0	0	0	0	0	114	0	0	0	0	0	0	0	0	0	0	0	0	0	0	0	0	0	0	0	114	0	0	0	0	0	0	0	0	0	0	0	0	0
otu395	27	0	7	0	0	0	0	0	0	0	0	0	0	0	22	0	2	20	4	0	12	0	0	2	1	175	0	4	0	0	72	51	0	0	0	133	53	0	0	15	4	26	203	0	0	0	13	0	4	0	52	1	3	12	3	66	254	0	1	0	8	30	0	0	1	0	27	0	61	71	33	0	8	3	6	26	0	0	0	39	32	48	6	4	2	0	0	0	0	7
otu396	2	0	0	0	0	0	0	3	0	0	0	0	0	0	21	1	0	4	0	0	0	0	0	0	0	0	0	0	0	5	0	0	0	0	0	1	0	0	1	1	0	0	44	0	0	0	0	0	48	0	0	0	0	0	0	0	131	0	0	1	0	0	0	2	0	0	0	0	0	0	50	0	0	0	1	139	0	0	0	0	0	0	0	0	0	0	0	0	0	0
otu397	0	1	4	1	0	1	0	0	0	0	0	2692	0	0	0	0	0	3	1	0	0	0	0	0	0	0	0	0	2	0	0	0	0	0	0	0	0	0	0	0	0	0	0	0	0	0	0	0	0	0	0	0	0	0	0	0	0	0	0	0	0	0	0	0	0	0	0	0	0	0	0	0	0	0	1	0	0	0	0	0	0	0	0	0	0	0	0	0	1	0
otu398	190	22	25	6	180	128	24	19	3	0	104	467	333	121	8	26	0	19	7	41	184	12	17	2	37	22	37	7	9	84	13	18	236	16	2	47	213	1	121	68	0	22	49	30	172	664	26	8	0	219	45	6	51	7	154	30	12	2	8	75	80	10	0	50	7	51	109	3	395	10	12	9	192	8	671	17	106	5	15	29	59	107	180	33	162	368	18	59	26	50
otu399	0	1	0	0	0	0	0	0	0	0	0	0	1	65	0	0	0	0	0	0	0	0	0	1	0	189	0	0	0	0	0	0	1	0	0	0	0	0	0	0	0	739	0	0	0	0	0	0	0	0	0	0	0	0	0	0	0	0	0	0	0	0	0	0	0	0	0	0	0	0	0	0	0	0	0	1	0	0	0	0	0	0	0	0	0	0	0	0	0	0
otu400	35	17	0	0	53	31	1	38	6	0	256	29	64	44	0	0	0	83	2	97	8	0	1	1	0	33	1	7	2	2	96	180	4	3	0	140	15	0	5	25	1	9	145	0	2	0	82	1	0	0	55	0	139	1	1274	2	112	0	2	5	368	2	0	3	1	60	74	2	43	4	33	258	1765	9	4	9	12	31	132	258	339	483	0	2	208	846	0	10	97	0
otu401	20	0	74	0	11	0	4	1	0	298	26	15	0	1	0	17	0	8	5	0	0	112	14	0	44	2	1	19	0	9	9	1	23	2	23	7	8	0	5	14	2	1	10	0	9	0	15	0	0	48	4	0	21	0	0	0	33	0	3	6	0	0	42	40	0	0	2	0	3	10	0	0	18	10	0	26	38	74	0	30	0	23	0	1	0	23	0	0	15	0
otu402	0	0	0	0	2	0	0	0	0	0	1	0	0	0	0	0	0	2	3	0	0	0	0	0	0	0	0	0	0	19	0	0	0	0	0	0	7	0	0	0	0	0	154	0	0	0	2	0	0	0	0	0	0	0	0	0	0	0	0	0	0	0	0	0	0	0	0	0	0	0	2	0	1	0	0	0	0	13	0	0	12	0	0	0	0	0	0	0	0	0
otu403	104	0	1	0	1	398	0	39	0	0	12	0	0	0	4	0	166	284	352	1	0	1	146	1	13	249	0	0	39	356	10	11	0	0	0	108	0	0	0	0	0	0	0	0	0	0	6	0	1	0	0	0	0	0	0	0	4	0	4	0	7	0	0	0	0	0	12	0	18	21	0	647	63	0	0	242	0	0	0	0	6	55	477	0	0	0	1	0	0	0
otu404	0	44	0	0	10	15	17	78	226	27	0	0	0	13	12	3	18	2	5	0	26	1	93	0	0	3	0	2	44	0	21	32	3	78	0	1	13	0	20	19	0	0	8	0	0	87	15	4	25	0	0	0	36	6	17	0	0	33	44	1	15	2	22	2	0	7	23	0	0	11	5	10	40	38	0	18	0	0	31	0	2	9	85	16	18	44	0	123	10	0
otu405	0	0	0	0	0	0	0	0	0	0	0	0	1	0	0	0	0	0	0	0	0	0	0	0	0	0	0	0	0	0	0	1	1	1	0	0	0	0	0	0	1	0	1010	0	0	0	0	0	0	0	0	0	0	0	0	979	0	0	0	0	0	0	0	0	0	0	0	0	0	0	0	0	0	0	0	0	491	0	0	0	0	0	0	0	0	0	0	0	0	0
otu406	1	0	0	0	0	17	0	52	0	0	0	0	0	0	40	0	0	0	9	0	0	0	0	0	0	0	0	0	0	0	0	0	0	0	0	0	0	0	0	0	0	0	0	0	0	0	0	0	0	0	0	0	0	0	0	0	0	0	0	0	0	0	0	0	0	0	0	0	0	72	0	0	0	0	0	37	0	0	0	0	0	0	0	0	1	0	0	0	0	0
otu407	14	1	0	0	4	1	0	6	0	0	0	3	0	0	0	0	0	2	0	0	3	0	0	0	0	0	0	0	0	2	0	0	0	0	3	0	0	90	0	0	0	0	0	0	0	0	0	0	0	0	0	11	0	0	1	0	0	0	0	0	1	12	0	0	0	0	10	0	0	0	0	0	12	0	4	36	0	1	62	0	0	0	2	0	0	0	0	0	0	6
otu408	551	1	2	13	127	796	3	117	0	0	1	150	0	1	0	1	22	279	904	1	0	0	5	0	0	173	3	0	0	58	394	69	3	0	1	0	456	0	4	108	0	0	0	2	0	1	1504	0	1	0	45	1	0	0	0	0	136	0	0	2	0	13	1	1	0	0	3147	0	5	226	10	665	49	4	3	788	128	1	2	0	2520	4073	54	0	0	147	0	0	232	0
otu409	20	39	3	24	33	55	47	8	0	4	10	9	20	4	29	16	27	10	2	7	4	8	23	12	68	0	0	15	3	7	6	5	9	5	0	7	0	0	5	4	1	0	8	0	10	0	17	0	0	0	2	0	4	4	89	0	34	0	10	56	22	21	5	24	0	13	25	0	0	4	5	7	84	6	12	24	15	7	8	66	4	61	19	1	6	8	0	153	6	8
otu410	11	0	0	0	2	1	0	0	0	0	2	0	0	0	0	1	0	10	2	3	2	0	0	0	0	6	0	1	0	7	0	1	0	0	0	0	0	0	0	5	0	0	10	0	0	0	1	0	0	0	4	0	0	3	67	0	6	0	0	0	1	0	0	0	2	4	2	0	1	6	1	4	31	0	1	34	0	0	0	0	1	2	0	1	0	52	0	0	0	0
otu411	6	18	2	12	1	0	0	0	2	11	0	8	62	24	2	4	3	0	2	0	7	7	2	0	1	3	4	2	4	4	2	0	4	0	15	22	2	25	3	14	3	61	4	32	31	0	3	0	0	2	36	1	4	1	85	18	5	0	1	4	8	25	0	3	69	13	3	17	102	2	1	2	41	10	0	9	5	1	5	2	0	1	8	1	2	46	18	0	70	54
otu412	0	0	0	0	0	0	0	0	0	0	0	0	0	0	0	0	0	22	0	0	0	0	0	0	0	59	0	0	0	0	0	0	0	0	0	0	0	0	0	0	0	0	0	0	0	0	0	0	0	0	131	0	0	0	0	0	0	0	0	0	0	0	0	0	0	0	0	0	0	0	0	0	0	0	0	98	0	0	0	0	0	0	0	0	0	0	0	0	0	0
otu413	0	0	0	0	0	0	0	0	0	0	0	0	0	0	0	0	0	0	0	0	0	0	0	0	0	0	0	0	0	0	0	0	0	0	0	0	111	0	0	0	0	0	0	0	0	0	0	0	0	0	0	0	0	0	0	0	0	0	0	0	0	0	0	0	0	0	0	0	0	0	0	0	0	0	0	0	0	0	0	0	0	0	0	0	0	0	0	0	0	0
otu414	0	1	0	0	6	0	0	0	0	0	6	0	0	0	5	0	0	0	9	0	27	0	0	0	0	21	0	0	0	75	1	147	0	0	0	1	2	0	0	10	2	0	0	376	0	2	0	0	0	0	0	0	0	0	85	0	22	0	0	0	0	0	0	0	0	0	3	0	0	43	2	8	0	0	0	0	2	0	0	0	215	7	0	0	0	7	0	0	0	0
otu415	7	0	0	0	30	0	0	0	15	0	24	32	0	6	0	0	0	10	3	1	9	0	0	0	0	1	0	0	5	5	0	0	0	0	0	0	15	0	3	3	2	0	0	78	0	0	2	0	0	0	0	0	0	0	49	0	1	0	0	121	0	0	0	0	0	3	3	0	15	7	0	1	1	0	0	2	0	0	0	0	0	9	0	0	0	1	0	0	0	0
otu416	163	0	60	0	1	28	0	1	0	1	192	34	0	0	336	2	1	117	20	18	254	0	0	0	0	94	0	13	1	64	419	352	0	0	0	94	58	0	0	120	2	15	251	0	0	1	224	0	0	0	7	0	41	169	0	0	237	1	0	0	750	0	0	0	0	50	100	0	15	197	41	121	0	6	40	206	46	0	0	304	208	42	4	7	76	19	0	0	0	0
otu417	0	0	0	0	0	0	0	0	0	0	0	0	0	0	0	0	0	0	0	0	0	0	0	0	0	0	0	0	0	0	0	0	0	0	0	0	0	0	0	0	29	0	0	0	0	0	0	0	0	0	0	0	0	0	0	0	0	63	0	0	0	0	0	0	0	0	0	0	0	0	0	0	0	0	0	0	0	1	0	0	0	0	0	0	0	0	0	0	0	0
otu418	2	0	0	6	0	0	0	1	0	0	3	0	1	0	0	1	0	2	0	0	0	1	0	7	3	0	218	0	1	1	0	1	21	2	1	0	1	7	1	0	3	0	0	3	0	11	0	3	6	0	2	4	0	0	2	1	4	0	1	12	3	0	3	3	2	6	4	3	3	1	0	1	0	0	1	0	0	0	51	6	0	0	1	0	0	3	19	23	1	2
otu419	0	0	0	0	0	0	243	1	0	1	0	0	0	0	49	45	0	0	0	154	0	0	0	0	0	36	0	0	0	0	0	0	0	0	0	0	56	0	0	0	0	0	0	0	0	0	0	0	0	0	0	0	45	72	0	0	0	0	0	0	0	0	0	0	0	0	0	0	0	0	0	0	0	0	0	0	0	109	0	0	0	0	0	0	6	0	0	0	0	0
otu420	0	0	0	0	0	0	0	0	0	0	0	0	0	2	1594	0	1	0	0	0	0	0	0	0	0	0	0	0	0	0	0	0	0	0	0	0	0	0	0	0	0	0	1	0	0	0	0	0	0	0	0	0	0	0	0	0	0	0	0	0	0	0	0	0	0	0	0	0	0	0	0	0	0	0	0	0	0	0	0	0	0	0	0	0	41	0	0	0	0	0
otu421	0	0	1	0	0	0	0	0	0	0	0	133	0	0	0	0	0	0	0	0	0	0	0	0	0	0	32	0	0	0	0	0	0	0	0	0	0	0	0	0	0	0	0	0	0	0	0	0	0	0	0	0	0	0	0	0	0	0	0	0	0	0	0	0	0	0	0	0	0	0	1	0	0	0	0	0	0	1	0	0	0	105	0	0	0	0	0	0	13	0
otu422	14	0	0	0	28	6	0	0	5	0	11	25	37	0	7	14	0	16	25	0	28	0	0	0	50	1	0	0	0	0	7	8	0	0	1	0	7	0	9	6	0	30	21	3	0	0	13	0	0	0	0	0	0	35	82	0	28	0	0	0	0	1	0	11	0	7	2	0	11	21	22	0	11	0	0	19	31	0	0	0	33	3	0	0	20	31	0	0	0	0
otu423	0	3	0	0	0	0	0	0	0	0	4	1	0	0	0	0	0	0	0	1	0	6	0	0	0	0	0	0	22	0	0	0	0	0	1	0	0	0	2	0	0	0	0	0	64	0	0	15	0	0	0	4	5	0	0	0	0	28	3	0	0	0	0	0	0	0	0	32	0	0	0	0	0	0	0	0	0	4	0	0	0	0	0	0	0	0	0	0	0	0
otu424	0	0	0	0	0	0	553	0	0	0	1	0	0	0	0	9	0	0	14	0	0	0	0	0	0	0	0	0	0	0	0	0	0	0	0	0	0	0	0	0	0	0	0	0	0	0	0	0	0	0	0	0	1	0	0	0	10	0	0	0	0	0	0	0	0	0	0	0	0	0	0	0	0	0	0	0	0	0	0	0	0	0	0	0	0	0	0	0	0	0
otu425	0	0	0	0	0	0	0	0	0	0	0	0	0	0	0	0	0	0	104	0	0	0	0	0	0	0	0	0	0	0	0	0	0	0	0	0	0	0	0	0	0	0	0	0	0	0	0	0	0	0	0	0	0	0	0	0	0	0	0	0	0	0	0	0	0	0	0	0	0	0	0	0	0	0	0	0	0	0	0	0	0	0	0	0	0	0	0	0	0	0
otu426	14	0	8	0	0	4	0	9	0	0	3	0	0	0	5	0	2	0	3	0	4	0	0	0	0	3	0	0	0	0	24	18	0	0	0	12	6	0	0	3	76	22	87	0	0	0	35	0	1	0	106	1	28	20	0	41	6	0	0	0	36	6	0	0	0	0	1	0	0	6	13	0	69	71	0	1	2	0	0	0	139	0	161	0	0	9	0	39	0	0
otu427	0	0	1	0	0	0	0	0	0	0	1	0	0	0	0	0	0	0	0	0	0	1	0	0	10	0	0	0	4	0	0	0	8	0	0	0	0	1	1	0	1	0	0	61	0	0	0	0	0	0	0	0	0	0	0	0	0	0	97	0	0	0	0	0	3	5	0	0	3	0	0	1	0	0	0	4	0	0	0	0	0	0	0	0	0	0	5	0	1	5
otu428	62	7	131	130	140	7	32	5	159	96	1	94	21	0	11	1	40	2	0	58	2	14	7	8	15	0	7	1	892	17	2	2	71	17	23	3	7	2	0	12	23	1	6	8	23	340	2	62	0	204	1	138	8	1	9	0	8	79	1	23	0	1	1	27	0	2	39	0	0	1	4	1	2	1	9	1	0	109	2	18	2	4	11	0	0	2	0	141	6	0
otu429	4	58	119	2	22	14	31	87	7	20	49	141	7	11	46	8	2	60	21	26	65	197	0	0	13	13	4	2	224	21	47	73	2	334	0	7	18	0	54	24	1	95	72	0	1	0	75	0	48	174	17	0	138	22	27	1	6	2	0	13	11	30	75	985	38	29	13	0	1	45	15	0	8	155	101	5	0	2	5	81	17	54	605	18	40	31	1	51	51	2
otu430	0	0	0	0	0	0	0	0	0	0	0	0	0	0	0	0	0	0	200	0	0	1	0	0	0	0	0	0	0	0	0	0	0	0	0	0	0	0	0	0	0	0	0	0	0	0	0	0	0	0	0	0	0	0	0	0	0	0	0	0	0	0	0	0	0	0	0	0	0	0	0	0	0	0	0	0	0	0	0	0	0	0	0	0	0	0	0	0	0	0
